<?xml version="1.0" encoding="UTF-8" standalone="yes"?>
<metadata xmlns:dc="http://purl.org/dc/elements/1.1/"
	xmlns:dcterms="http://purl.org/dc/terms/">
	<!-- produced by Chouette -->
	<dcterms:coverage xmlns:xsi="http://www.w3.org/2001/XMLSchema-instance"
		xsi:type="dcterms:Period">start=2018-08-27; end=2019-08-31; scheme=W3C-DTF;</dcterms:coverage>
	<dcterms:spatial xmlns:xsi="http://www.w3.org/2001/XMLSchema-instance"
		xsi:type="dcterms:Box">northlimit=44.680; southlimit=44.554; westlimit=4.313; eastlimit=4.461</dcterms:spatial>
	<dcterms:creator>Tout'enbus</dcterms:creator>
	<dcterms:date xmlns:xsi="http://www.w3.org/2001/XMLSchema-instance"
		xsi:type="dcterms:W3CDTF">2018-11-27</dcterms:date>
	<dcterms:description>Exported data count = 18
		toutenbus-Line-2.xml : Network Tout'enbus, Line Gare Routière - Saint-Didier - Ponson - Saint-Privat - Ucel - Place de la Paix - Gare Routière [2]
		toutenbus-Line-3.xml : Network Tout'enbus, Line Vals-les-Bains - Aubenas [3]
		toutenbus-Line-10.xml : Network Tout'enbus, Line Lachapelle/Fons - Aubenas [10]
		toutenbus-Line-7.xml : Network Tout'enbus, Line St-Etienne-de-Fontbellon - Aubenas [7]
		toutenbus-Line-201.xml : Network Tout'enbus, Line Castagnades [Castagnades]
		toutenbus-Line-22.xml : Network Tout'enbus, Line UCEL Nouvelle Ecole - UCEL Chamboulas [S2]
		toutenbus-Line-9.xml : Network Tout'enbus, Line Lavilledieu - Aubenas [9]
		toutenbus-Line-5.xml : Network Tout'enbus, Line Quartier des Oliviers - Quartier Saint-Pierre - Ets scolaires d'Aubenas [5]
		toutenbus-Line-24.xml : Network Tout'enbus, Line VALS Bruen Bas - VALS Ets scolaires [S4]
		toutenbus-Line-202.xml : Network Tout'enbus, Line Rencontres des Cinémas d'Europe [Rencontres des Cinémas d'Europe]
		toutenbus-Line-25.xml : Network Tout'enbus, Line VALS Les Issoux / Les Eschandols - VALS Ets scolaires [S5]
		toutenbus-Line-27.xml : Network Tout'enbus, Line UCEL Fontanille / UCEL Les Combes - VALS Collège [S7]
		toutenbus-Line-28.xml : Network Tout'enbus, Line UCEL Le Gustadou - VALS Collège [S8]
		toutenbus-Line-29.xml : Network Tout'enbus, Line UCEL Chamboulas - AUBENAS Gare routière [S9]
		toutenbus-Line-30.xml : Network Tout'enbus, Line VALS Mas de Bourlenc - VALS Ets scolaires [S10]
		toutenbus-Line-26.xml : Network Tout'enbus, Line AUBENAS Gare Routière - VALS Collège [S6]
		toutenbus-Line-1.xml : Network Tout'enbus, Line Les Oliviers - Gare Routière [1]
		toutenbus-Line-8.xml : Network Tout'enbus, Line Vesseaux - Aubenas [8]
	</dcterms:description>
	<dcterms:format>application/xml</dcterms:format>
	<dcterms:language xmlns:xsi="http://www.w3.org/2001/XMLSchema-instance"
		xsi:type="dcterms:W3CDTF">fr_FR.utf8</dcterms:language>
	<dcterms:publisher>Oreaweb</dcterms:publisher>
	<dcterms:relation xmlns:xsi="http://www.w3.org/2001/XMLSchema-instance"
		xsi:type="dcterms:URI">http://www.normes-donnees-tc.org/format-dechange/donnees-theoriques/neptune/</dcterms:relation>
	<dcterms:title>Export Neptune </dcterms:title>
	<dcterms:type xmlns:xsi="http://www.w3.org/2001/XMLSchema-instance"
		xsi:type="dcterms:DCMIType">Dataset</dcterms:type>
</metadata>
