<?xml version="1.0" encoding="UTF-8" standalone="yes"?>
<ChouettePTNetwork xmlns="http://www.trident.org/schema/trident" xmlns:acsb="http://www.ifopt.org.uk/acsb" xmlns:siri="http://www.siri.org.uk/siri">
    <PTNetwork>
        <objectId>toutenbus:PTNetwork:1</objectId>
        <objectVersion>4</objectVersion>
        <creationTime>2017-06-11T11:07:54</creationTime>
        <creatorId>chouette</creatorId>
        <versionDate>2016-03-29</versionDate>
        <name>Tout'enbus</name>
        <registration>
            <registrationNumber>1</registrationNumber>
        </registration>
        <sourceType>TransitOperator</sourceType>
    </PTNetwork>
    <GroupOfLine>
        <objectId>toutenbus:GroupOfLine:1</objectId>
        <objectVersion>3</objectVersion>
        <creationTime>2017-06-11T11:09:15</creationTime>
        <creatorId>chouette</creatorId>
        <name>Lignes urbaines</name>
        <lineId>toutenbus:Line:1</lineId>
    </GroupOfLine>
    <Company>
        <objectId>toutenbus:Company:1</objectId>
        <objectVersion>3</objectVersion>
        <creationTime>2017-09-11T15:53:32</creationTime>
        <creatorId>chouette</creatorId>
        <name>Tout'enbus</name>
        <shortName>TEB</shortName>
        <phone>0475892656</phone>
        <email>contact@toutenbus.fr</email>
        <registration>
            <registrationNumber>1</registrationNumber>
        </registration>
    </Company>
    <ChouetteArea>
        <StopArea>
            <objectId>teb_:StopArea:PLACE_PAIX</objectId>
            <objectVersion>1</objectVersion>
            <creationTime>2016-09-20T22:35:36</creationTime>
            <creatorId>chouette</creatorId>
            <name>Place De La Paix</name>
            <contains>toutenbus:StopPoint:1293</contains>
            <centroidOfArea>teb_:AreaCentroid:PLACE_PAIX</centroidOfArea>
            <StopAreaExtension>
                <areaType>BoardingPosition</areaType>
                <fareCode>0</fareCode>
                <mobilityRestrictedSuitability>false</mobilityRestrictedSuitability>
                <stairsAvailability>false</stairsAvailability>
                <liftAvailability>false</liftAvailability>
            </StopAreaExtension>
        </StopArea>
        <StopArea>
            <objectId>teb_:StopArea:GENDARMERIE_1</objectId>
            <objectVersion>1</objectVersion>
            <creationTime>2016-09-20T22:35:36</creationTime>
            <creatorId>chouette</creatorId>
            <name>Gendarmerie</name>
            <contains>toutenbus:StopPoint:1282</contains>
            <centroidOfArea>teb_:AreaCentroid:GENDARMERIE_1</centroidOfArea>
            <StopAreaExtension>
                <areaType>BoardingPosition</areaType>
                <fareCode>0</fareCode>
                <registration>
                    <registrationNumber>1</registrationNumber>
                </registration>
                <mobilityRestrictedSuitability>true</mobilityRestrictedSuitability>
                <stairsAvailability>false</stairsAvailability>
                <liftAvailability>false</liftAvailability>
            </StopAreaExtension>
        </StopArea>
        <StopArea>
            <objectId>teb_:StopArea:LYCEE_SERRE</objectId>
            <objectVersion>2</objectVersion>
            <creationTime>2017-06-23T15:41:35</creationTime>
            <creatorId>chouette</creatorId>
            <name>Lycée Olivier De Serres</name>
            <contains>toutenbus:StopPoint:1285</contains>
            <centroidOfArea>teb_:AreaCentroid:LYCEE_SERRE</centroidOfArea>
            <StopAreaExtension>
                <areaType>BoardingPosition</areaType>
                <fareCode>0</fareCode>
                <mobilityRestrictedSuitability>true</mobilityRestrictedSuitability>
                <stairsAvailability>false</stairsAvailability>
                <liftAvailability>false</liftAvailability>
            </StopAreaExtension>
        </StopArea>
        <StopArea>
            <objectId>teb_:StopArea:HOPITAL</objectId>
            <objectVersion>1</objectVersion>
            <creationTime>2016-09-20T22:35:36</creationTime>
            <creatorId>chouette</creatorId>
            <name>Hôpital</name>
            <contains>toutenbus:StopPoint:1284</contains>
            <centroidOfArea>teb_:AreaCentroid:HOPITAL</centroidOfArea>
            <StopAreaExtension>
                <areaType>BoardingPosition</areaType>
                <fareCode>0</fareCode>
                <mobilityRestrictedSuitability>false</mobilityRestrictedSuitability>
                <stairsAvailability>false</stairsAvailability>
                <liftAvailability>false</liftAvailability>
            </StopAreaExtension>
        </StopArea>
        <StopArea>
            <objectId>toutenbus:StopArea:BELLANDE</objectId>
            <objectVersion>2</objectVersion>
            <creationTime>2017-06-11T11:15:48</creationTime>
            <creatorId>chouette</creatorId>
            <name>Avenue Bellande</name>
            <contains>toutenbus:StopPoint:1283</contains>
            <centroidOfArea>toutenbus:AreaCentroid:BELLANDE</centroidOfArea>
            <StopAreaExtension>
                <areaType>BoardingPosition</areaType>
                <fareCode>0</fareCode>
                <mobilityRestrictedSuitability>false</mobilityRestrictedSuitability>
                <stairsAvailability>false</stairsAvailability>
                <liftAvailability>false</liftAvailability>
            </StopAreaExtension>
        </StopArea>
        <StopArea>
            <objectId>toutenbus:StopArea:BOISVIGNAL_SUDIMMAC</objectId>
            <objectVersion>2</objectVersion>
            <creationTime>2017-06-11T11:17:49</creationTime>
            <creatorId>chouette</creatorId>
            <name>Boisvignal - Sud Immac</name>
            <contains>toutenbus:StopPoint:1290</contains>
            <centroidOfArea>toutenbus:AreaCentroid:BOISVIGNAL_SUDIMMAC</centroidOfArea>
            <StopAreaExtension>
                <areaType>BoardingPosition</areaType>
                <fareCode>0</fareCode>
                <mobilityRestrictedSuitability>true</mobilityRestrictedSuitability>
                <stairsAvailability>false</stairsAvailability>
                <liftAvailability>false</liftAvailability>
            </StopAreaExtension>
        </StopArea>
        <StopArea>
            <objectId>toutenbus:StopArea:ANCIENNE_GARE_AUBENAS</objectId>
            <objectVersion>1</objectVersion>
            <creationTime>2018-07-14T15:39:13</creationTime>
            <creatorId>chouette</creatorId>
            <name>Ancienne Gare d'Aubenas</name>
            <contains>toutenbus:StopPoint:1289</contains>
            <centroidOfArea>toutenbus:AreaCentroid:ANCIENNE_GARE_AUBENAS</centroidOfArea>
            <StopAreaExtension>
                <areaType>BoardingPosition</areaType>
                <mobilityRestrictedSuitability>true</mobilityRestrictedSuitability>
            </StopAreaExtension>
        </StopArea>
        <StopArea>
            <objectId>teb_:StopArea:GARE_ROUTIERE</objectId>
            <objectVersion>1</objectVersion>
            <creationTime>2016-09-20T22:35:36</creationTime>
            <creatorId>chouette</creatorId>
            <name>Gare Routière</name>
            <contains>toutenbus:StopPoint:1281</contains>
            <centroidOfArea>teb_:AreaCentroid:GARE_ROUTIERE</centroidOfArea>
            <StopAreaExtension>
                <areaType>BoardingPosition</areaType>
                <fareCode>0</fareCode>
                <mobilityRestrictedSuitability>false</mobilityRestrictedSuitability>
                <stairsAvailability>false</stairsAvailability>
                <liftAvailability>false</liftAvailability>
            </StopAreaExtension>
        </StopArea>
        <StopArea>
            <objectId>teb_:StopArea:PISCINE</objectId>
            <objectVersion>2</objectVersion>
            <creationTime>2018-07-14T15:39:55</creationTime>
            <creatorId>chouette</creatorId>
            <name>Ancienne Piscine Aubenas</name>
            <contains>toutenbus:StopPoint:1292</contains>
            <centroidOfArea>teb_:AreaCentroid:PISCINE</centroidOfArea>
            <StopAreaExtension>
                <areaType>BoardingPosition</areaType>
                <fareCode>0</fareCode>
                <mobilityRestrictedSuitability>false</mobilityRestrictedSuitability>
                <stairsAvailability>false</stairsAvailability>
                <liftAvailability>false</liftAvailability>
            </StopAreaExtension>
        </StopArea>
        <StopArea>
            <objectId>toutenbus:StopArea:ANCIENS_ABATTOIRS_1</objectId>
            <objectVersion>2</objectVersion>
            <creationTime>2017-06-11T11:14:12</creationTime>
            <creatorId>chouette</creatorId>
            <name>Anciens Abattoirs</name>
            <contains>toutenbus:StopPoint:1288</contains>
            <centroidOfArea>toutenbus:AreaCentroid:ANCIENS_ABATTOIRS_1</centroidOfArea>
            <StopAreaExtension>
                <areaType>BoardingPosition</areaType>
                <fareCode>0</fareCode>
                <mobilityRestrictedSuitability>false</mobilityRestrictedSuitability>
                <stairsAvailability>false</stairsAvailability>
                <liftAvailability>false</liftAvailability>
            </StopAreaExtension>
        </StopArea>
        <StopArea>
            <objectId>teb_:StopArea:RIPOTIER</objectId>
            <objectVersion>1</objectVersion>
            <creationTime>2016-09-20T22:35:36</creationTime>
            <creatorId>chouette</creatorId>
            <name>Ripotier</name>
            <contains>toutenbus:StopPoint:1287</contains>
            <centroidOfArea>teb_:AreaCentroid:RIPOTIER</centroidOfArea>
            <StopAreaExtension>
                <areaType>BoardingPosition</areaType>
                <fareCode>0</fareCode>
                <mobilityRestrictedSuitability>false</mobilityRestrictedSuitability>
                <stairsAvailability>false</stairsAvailability>
                <liftAvailability>false</liftAvailability>
            </StopAreaExtension>
        </StopArea>
        <StopArea>
            <objectId>teb_:StopArea:IMPRIMERIE</objectId>
            <objectVersion>1</objectVersion>
            <creationTime>2016-09-20T22:35:36</creationTime>
            <creatorId>chouette</creatorId>
            <name>Imprimerie</name>
            <contains>toutenbus:StopPoint:1286</contains>
            <centroidOfArea>teb_:AreaCentroid:IMPRIMERIE</centroidOfArea>
            <StopAreaExtension>
                <areaType>BoardingPosition</areaType>
                <fareCode>0</fareCode>
                <mobilityRestrictedSuitability>false</mobilityRestrictedSuitability>
                <stairsAvailability>false</stairsAvailability>
                <liftAvailability>false</liftAvailability>
            </StopAreaExtension>
        </StopArea>
        <StopArea>
            <objectId>teb_:StopArea:RP_ECOLES</objectId>
            <objectVersion>1</objectVersion>
            <creationTime>2016-09-20T22:35:36</creationTime>
            <creatorId>chouette</creatorId>
            <name>Rond-Point Des Ecoles</name>
            <contains>toutenbus:StopPoint:1291</contains>
            <centroidOfArea>teb_:AreaCentroid:RP_ECOLES</centroidOfArea>
            <StopAreaExtension>
                <areaType>BoardingPosition</areaType>
                <fareCode>0</fareCode>
                <mobilityRestrictedSuitability>false</mobilityRestrictedSuitability>
                <stairsAvailability>false</stairsAvailability>
                <liftAvailability>false</liftAvailability>
            </StopAreaExtension>
        </StopArea>
        <AreaCentroid>
            <objectId>teb_:AreaCentroid:PLACE_PAIX</objectId>
            <objectVersion>1</objectVersion>
            <creationTime>2016-09-20T22:35:36</creationTime>
            <creatorId>chouette</creatorId>
            <longitude>4.3893709182739260</longitude>
            <latitude>44.6180381774902340</latitude>
            <longLatType>WGS84</longLatType>
            <address>
                <countryCode>07019</countryCode>
            </address>
            <projectedPoint>
                <X>810222.35600440553389489650726318359375</X>
                <Y>6391963.60206977464258670806884765625</Y>
                <projectionType>EPSG:2154</projectionType>
            </projectedPoint>
            <containedIn>teb_:StopArea:PLACE_PAIX</containedIn>
            <name>Place De La Paix</name>
        </AreaCentroid>
        <AreaCentroid>
            <objectId>teb_:AreaCentroid:GENDARMERIE_1</objectId>
            <objectVersion>1</objectVersion>
            <creationTime>2016-09-20T22:35:36</creationTime>
            <creatorId>chouette</creatorId>
            <longitude>4.4053287506103520</longitude>
            <latitude>44.6150360107421900</latitude>
            <longLatType>WGS84</longLatType>
            <address>
                <countryCode>07019</countryCode>
            </address>
            <projectedPoint>
                <X>811494.133577058673836290836334228515625</X>
                <Y>6391652.57981316931545734405517578125</Y>
                <projectionType>EPSG:2154</projectionType>
            </projectedPoint>
            <containedIn>teb_:StopArea:GENDARMERIE_1</containedIn>
            <name>Gendarmerie</name>
        </AreaCentroid>
        <AreaCentroid>
            <objectId>teb_:AreaCentroid:LYCEE_SERRE</objectId>
            <objectVersion>2</objectVersion>
            <creationTime>2017-06-23T15:41:35</creationTime>
            <creatorId>chouette</creatorId>
            <longitude>4.4025754928588870</longitude>
            <latitude>44.6049995422363300</latitude>
            <longLatType>WGS84</longLatType>
            <address>
                <countryCode>07019</countryCode>
            </address>
            <projectedPoint>
                <X>811295.523681879625655710697174072265625</X>
                <Y>6390534.0262888036668300628662109375</Y>
                <projectionType>EPSG:2154</projectionType>
            </projectedPoint>
            <containedIn>teb_:StopArea:LYCEE_SERRE</containedIn>
            <name>Lycée Olivier De Serres</name>
        </AreaCentroid>
        <AreaCentroid>
            <objectId>teb_:AreaCentroid:HOPITAL</objectId>
            <objectVersion>1</objectVersion>
            <creationTime>2016-09-20T22:35:36</creationTime>
            <creatorId>chouette</creatorId>
            <longitude>4.3972806930541990</longitude>
            <latitude>44.6121292114257800</latitude>
            <longLatType>WGS84</longLatType>
            <address>
                <countryCode>07019</countryCode>
            </address>
            <projectedPoint>
                <X>810861.407475814339704811573028564453125</X>
                <Y>6391318.413849801756441593170166015625</Y>
                <projectionType>EPSG:2154</projectionType>
            </projectedPoint>
            <containedIn>teb_:StopArea:HOPITAL</containedIn>
            <name>Hôpital</name>
        </AreaCentroid>
        <AreaCentroid>
            <objectId>teb_:AreaCentroid:GARE_ROUTIERE</objectId>
            <objectVersion>1</objectVersion>
            <creationTime>2016-09-20T22:35:36</creationTime>
            <creatorId>chouette</creatorId>
            <longitude>4.4071364402771000</longitude>
            <latitude>44.6109733581543000</latitude>
            <longLatType>WGS84</longLatType>
            <address>
                <countryCode>07019</countryCode>
            </address>
            <projectedPoint>
                <X>811645.57599364058114588260650634765625</X>
                <Y>6391203.928769120015203952789306640625</Y>
                <projectionType>EPSG:2154</projectionType>
            </projectedPoint>
            <containedIn>teb_:StopArea:GARE_ROUTIERE</containedIn>
            <name>Gare Routière</name>
        </AreaCentroid>
        <AreaCentroid>
            <objectId>teb_:AreaCentroid:PISCINE</objectId>
            <objectVersion>2</objectVersion>
            <creationTime>2018-07-14T15:39:55</creationTime>
            <creatorId>chouette</creatorId>
            <longitude>4.3897585868835450</longitude>
            <latitude>44.6146125793457000</latitude>
            <longLatType>WGS84</longLatType>
            <address>
                <countryCode>07019</countryCode>
            </address>
            <projectedPoint>
                <X>810259.80434353300370275974273681640625</X>
                <Y>6391583.689527845941483974456787109375</Y>
                <projectionType>EPSG:2154</projectionType>
            </projectedPoint>
            <containedIn>teb_:StopArea:PISCINE</containedIn>
            <name>Ancienne Piscine Aubenas</name>
        </AreaCentroid>
        <AreaCentroid>
            <objectId>teb_:AreaCentroid:RIPOTIER</objectId>
            <objectVersion>1</objectVersion>
            <creationTime>2016-09-20T22:35:36</creationTime>
            <creatorId>chouette</creatorId>
            <longitude>4.3950920104980470</longitude>
            <latitude>44.6089935302734400</latitude>
            <longLatType>WGS84</longLatType>
            <address>
                <countryCode>07019</countryCode>
            </address>
            <projectedPoint>
                <X>810693.927213957882486283779144287109375</X>
                <Y>6390967.088025608099997043609619140625</Y>
                <projectionType>EPSG:2154</projectionType>
            </projectedPoint>
            <containedIn>teb_:StopArea:RIPOTIER</containedIn>
            <name>Ripotier</name>
        </AreaCentroid>
        <AreaCentroid>
            <objectId>teb_:AreaCentroid:IMPRIMERIE</objectId>
            <objectVersion>1</objectVersion>
            <creationTime>2016-09-20T22:35:36</creationTime>
            <creatorId>chouette</creatorId>
            <longitude>4.3994102478027340</longitude>
            <latitude>44.6065559387207000</latitude>
            <longLatType>WGS84</longLatType>
            <address>
                <countryCode>07019</countryCode>
            </address>
            <projectedPoint>
                <X>811041.32142715551890432834625244140625</X>
                <Y>6390702.426833055913448333740234375</Y>
                <projectionType>EPSG:2154</projectionType>
            </projectedPoint>
            <containedIn>teb_:StopArea:IMPRIMERIE</containedIn>
            <name>Imprimerie</name>
        </AreaCentroid>
    </ChouetteArea>
    <Timetable>
      <objectId>AIX_EN_BUS:Timetable:ETE_1431</objectId>
      <period>
        <startOfPeriod>2014-07-07</startOfPeriod>
        <endOfPeriod>2014-08-31</endOfPeriod>
      </period>
      <dayType>Friday</dayType>
      <dayType>Thursday</dayType>
      <dayType>Wednesday</dayType>
      <dayType>Tuesday</dayType>
      <dayType>Monday</dayType>
      <vehicleJourneyId>AIX_EN_BUS:VehicleJourney:4299104</vehicleJourneyId>
      <vehicleJourneyId>AIX_EN_BUS:VehicleJourney:4299107</vehicleJourneyId>
      <vehicleJourneyId>AIX_EN_BUS:VehicleJourney:4299117</vehicleJourneyId>
      <vehicleJourneyId>AIX_EN_BUS:VehicleJourney:4299124</vehicleJourneyId>
      <vehicleJourneyId>AIX_EN_BUS:VehicleJourney:4299125</vehicleJourneyId>
      <vehicleJourneyId>AIX_EN_BUS:VehicleJourney:4299126</vehicleJourneyId>
      <vehicleJourneyId>AIX_EN_BUS:VehicleJourney:4299127</vehicleJourneyId>
      <vehicleJourneyId>AIX_EN_BUS:VehicleJourney:4299128</vehicleJourneyId>
      <vehicleJourneyId>AIX_EN_BUS:VehicleJourney:4299129</vehicleJourneyId>
      <vehicleJourneyId>AIX_EN_BUS:VehicleJourney:4299130</vehicleJourneyId>
      <vehicleJourneyId>AIX_EN_BUS:VehicleJourney:4299131</vehicleJourneyId>
      <vehicleJourneyId>AIX_EN_BUS:VehicleJourney:4299132</vehicleJourneyId>
      <vehicleJourneyId>AIX_EN_BUS:VehicleJourney:4299133</vehicleJourneyId>
      <vehicleJourneyId>AIX_EN_BUS:VehicleJourney:4299134</vehicleJourneyId>
      <vehicleJourneyId>AIX_EN_BUS:VehicleJourney:4299135</vehicleJourneyId>
      <vehicleJourneyId>AIX_EN_BUS:VehicleJourney:4299136</vehicleJourneyId>
      <vehicleJourneyId>AIX_EN_BUS:VehicleJourney:4299137</vehicleJourneyId>
      <vehicleJourneyId>AIX_EN_BUS:VehicleJourney:4299138</vehicleJourneyId>
      <vehicleJourneyId>AIX_EN_BUS:VehicleJourney:4299139</vehicleJourneyId>
      <vehicleJourneyId>AIX_EN_BUS:VehicleJourney:4299140</vehicleJourneyId>
      <vehicleJourneyId>AIX_EN_BUS:VehicleJourney:4299141</vehicleJourneyId>
      <vehicleJourneyId>AIX_EN_BUS:VehicleJourney:4299142</vehicleJourneyId>
      <vehicleJourneyId>AIX_EN_BUS:VehicleJourney:4299143</vehicleJourneyId>
      <vehicleJourneyId>AIX_EN_BUS:VehicleJourney:4299144</vehicleJourneyId>
      <vehicleJourneyId>AIX_EN_BUS:VehicleJourney:4299145</vehicleJourneyId>
      <vehicleJourneyId>AIX_EN_BUS:VehicleJourney:4299149</vehicleJourneyId>
      <vehicleJourneyId>AIX_EN_BUS:VehicleJourney:4299150</vehicleJourneyId>
      <vehicleJourneyId>AIX_EN_BUS:VehicleJourney:4299153</vehicleJourneyId>
      <vehicleJourneyId>AIX_EN_BUS:VehicleJourney:4299154</vehicleJourneyId>
      <vehicleJourneyId>AIX_EN_BUS:VehicleJourney:4299155</vehicleJourneyId>
      <vehicleJourneyId>AIX_EN_BUS:VehicleJourney:4299156</vehicleJourneyId>
      <vehicleJourneyId>AIX_EN_BUS:VehicleJourney:4299161</vehicleJourneyId>
      <comment>Réseau Eté 2014</comment>
    </Timetable>
    <Timetable>
        <objectId>toutenbus:Timetable:1819-11</objectId>
        <objectVersion>7</objectVersion>
        <creationTime>2018-07-16T11:04:04</creationTime>
        <creatorId>chouette</creatorId>
        <version>2018-19-LMMeJVS-Vac</version>
        <calendarDay>2018-10-22</calendarDay>
        <calendarDay>2018-10-23</calendarDay>
        <calendarDay>2018-10-24</calendarDay>
        <calendarDay>2018-10-25</calendarDay>
        <calendarDay>2018-10-26</calendarDay>
        <calendarDay>2018-10-27</calendarDay>
        <calendarDay>2018-10-29</calendarDay>
        <calendarDay>2018-10-30</calendarDay>
        <calendarDay>2018-10-31</calendarDay>
        <calendarDay>2018-11-02</calendarDay>
        <calendarDay>2018-11-03</calendarDay>
        <calendarDay>2018-12-24</calendarDay>
        <calendarDay>2018-12-26</calendarDay>
        <calendarDay>2018-12-27</calendarDay>
        <calendarDay>2018-12-28</calendarDay>
        <calendarDay>2018-12-29</calendarDay>
        <calendarDay>2018-12-31</calendarDay>
        <calendarDay>2019-01-02</calendarDay>
        <calendarDay>2019-01-03</calendarDay>
        <calendarDay>2019-01-04</calendarDay>
        <calendarDay>2019-01-05</calendarDay>
        <calendarDay>2019-02-18</calendarDay>
        <calendarDay>2019-02-19</calendarDay>
        <calendarDay>2019-02-20</calendarDay>
        <calendarDay>2019-02-21</calendarDay>
        <calendarDay>2019-02-22</calendarDay>
        <calendarDay>2019-02-23</calendarDay>
        <calendarDay>2019-02-25</calendarDay>
        <calendarDay>2019-02-26</calendarDay>
        <calendarDay>2019-02-27</calendarDay>
        <calendarDay>2019-02-28</calendarDay>
        <calendarDay>2019-03-01</calendarDay>
        <calendarDay>2019-03-02</calendarDay>
        <calendarDay>2019-04-15</calendarDay>
        <calendarDay>2019-04-16</calendarDay>
        <calendarDay>2019-04-17</calendarDay>
        <calendarDay>2019-04-18</calendarDay>
        <calendarDay>2019-04-19</calendarDay>
        <calendarDay>2019-04-20</calendarDay>
        <calendarDay>2019-04-22</calendarDay>
        <calendarDay>2019-04-23</calendarDay>
        <calendarDay>2019-04-24</calendarDay>
        <calendarDay>2019-04-25</calendarDay>
        <calendarDay>2019-04-26</calendarDay>
        <calendarDay>2019-04-27</calendarDay>
        <calendarDay>2019-05-31</calendarDay>
        <calendarDay>2019-06-01</calendarDay>
        <calendarDay>2019-07-08</calendarDay>
        <calendarDay>2019-07-09</calendarDay>
        <calendarDay>2019-07-10</calendarDay>
        <calendarDay>2019-07-11</calendarDay>
        <calendarDay>2019-07-12</calendarDay>
        <calendarDay>2019-07-13</calendarDay>
        <calendarDay>2019-07-15</calendarDay>
        <calendarDay>2019-07-16</calendarDay>
        <calendarDay>2019-07-17</calendarDay>
        <calendarDay>2019-07-18</calendarDay>
        <calendarDay>2019-07-19</calendarDay>
        <calendarDay>2019-07-20</calendarDay>
        <calendarDay>2019-07-22</calendarDay>
        <calendarDay>2019-07-23</calendarDay>
        <calendarDay>2019-07-24</calendarDay>
        <calendarDay>2019-07-25</calendarDay>
        <calendarDay>2019-07-26</calendarDay>
        <calendarDay>2019-07-27</calendarDay>
        <calendarDay>2019-07-29</calendarDay>
        <calendarDay>2019-07-30</calendarDay>
        <calendarDay>2019-07-31</calendarDay>
        <calendarDay>2019-08-01</calendarDay>
        <calendarDay>2019-08-02</calendarDay>
        <calendarDay>2019-08-03</calendarDay>
        <calendarDay>2019-08-05</calendarDay>
        <calendarDay>2019-08-06</calendarDay>
        <calendarDay>2019-08-07</calendarDay>
        <calendarDay>2019-08-08</calendarDay>
        <calendarDay>2019-08-09</calendarDay>
        <calendarDay>2019-08-10</calendarDay>
        <calendarDay>2019-08-12</calendarDay>
        <calendarDay>2019-08-13</calendarDay>
        <calendarDay>2019-08-14</calendarDay>
        <calendarDay>2019-08-16</calendarDay>
        <calendarDay>2019-08-17</calendarDay>
        <calendarDay>2019-08-19</calendarDay>
        <calendarDay>2019-08-20</calendarDay>
        <calendarDay>2019-08-21</calendarDay>
        <calendarDay>2019-08-22</calendarDay>
        <calendarDay>2019-08-23</calendarDay>
        <calendarDay>2019-08-24</calendarDay>
        <dayType>Monday</dayType>
        <dayType>Tuesday</dayType>
        <dayType>Wednesday</dayType>
        <dayType>Thursday</dayType>
        <dayType>Friday</dayType>
        <dayType>Saturday</dayType>
        <vehicleJourneyId>toutenbus:VehicleJourney:700</vehicleJourneyId>
        <comment>2018-19 / LMMeJVS Vacances Scolaires</comment>
    </Timetable>
    <Timetable>
        <objectId>toutenbus:Timetable:1819-01</objectId>
        <objectVersion>2</objectVersion>
        <creationTime>2018-07-14T15:19:52</creationTime>
        <creatorId>chouette</creatorId>
        <version>2018-19-LMMeJVS-Sco</version>
        <calendarDay>2018-08-27</calendarDay>
        <calendarDay>2018-08-28</calendarDay>
        <calendarDay>2018-08-29</calendarDay>
        <calendarDay>2018-08-30</calendarDay>
        <calendarDay>2018-08-31</calendarDay>
        <calendarDay>2018-09-01</calendarDay>
        <calendarDay>2018-09-03</calendarDay>
        <calendarDay>2018-09-04</calendarDay>
        <calendarDay>2018-09-05</calendarDay>
        <calendarDay>2018-09-06</calendarDay>
        <calendarDay>2018-09-07</calendarDay>
        <calendarDay>2018-09-08</calendarDay>
        <calendarDay>2018-09-10</calendarDay>
        <calendarDay>2018-09-11</calendarDay>
        <calendarDay>2018-09-12</calendarDay>
        <calendarDay>2018-09-13</calendarDay>
        <calendarDay>2018-09-14</calendarDay>
        <calendarDay>2018-09-15</calendarDay>
        <calendarDay>2018-09-17</calendarDay>
        <calendarDay>2018-09-18</calendarDay>
        <calendarDay>2018-09-19</calendarDay>
        <calendarDay>2018-09-20</calendarDay>
        <calendarDay>2018-09-21</calendarDay>
        <calendarDay>2018-09-22</calendarDay>
        <calendarDay>2018-09-24</calendarDay>
        <calendarDay>2018-09-25</calendarDay>
        <calendarDay>2018-09-26</calendarDay>
        <calendarDay>2018-09-27</calendarDay>
        <calendarDay>2018-09-28</calendarDay>
        <calendarDay>2018-09-29</calendarDay>
        <calendarDay>2018-10-01</calendarDay>
        <calendarDay>2018-10-02</calendarDay>
        <calendarDay>2018-10-03</calendarDay>
        <calendarDay>2018-10-04</calendarDay>
        <calendarDay>2018-10-05</calendarDay>
        <calendarDay>2018-10-06</calendarDay>
        <calendarDay>2018-10-08</calendarDay>
        <calendarDay>2018-10-09</calendarDay>
        <calendarDay>2018-10-10</calendarDay>
        <calendarDay>2018-10-11</calendarDay>
        <calendarDay>2018-10-12</calendarDay>
        <calendarDay>2018-10-13</calendarDay>
        <calendarDay>2018-10-15</calendarDay>
        <calendarDay>2018-10-16</calendarDay>
        <calendarDay>2018-10-17</calendarDay>
        <calendarDay>2018-10-18</calendarDay>
        <calendarDay>2018-10-19</calendarDay>
        <calendarDay>2018-10-20</calendarDay>
        <calendarDay>2018-11-05</calendarDay>
        <calendarDay>2018-11-06</calendarDay>
        <calendarDay>2018-11-07</calendarDay>
        <calendarDay>2018-11-08</calendarDay>
        <calendarDay>2018-11-09</calendarDay>
        <calendarDay>2018-11-10</calendarDay>
        <calendarDay>2018-11-12</calendarDay>
        <calendarDay>2018-11-13</calendarDay>
        <calendarDay>2018-11-14</calendarDay>
        <calendarDay>2018-11-15</calendarDay>
        <calendarDay>2018-11-16</calendarDay>
        <calendarDay>2018-11-17</calendarDay>
        <calendarDay>2018-11-19</calendarDay>
        <calendarDay>2018-11-20</calendarDay>
        <calendarDay>2018-11-21</calendarDay>
        <calendarDay>2018-11-22</calendarDay>
        <calendarDay>2018-11-23</calendarDay>
        <calendarDay>2018-11-24</calendarDay>
        <calendarDay>2018-11-26</calendarDay>
        <calendarDay>2018-11-27</calendarDay>
        <calendarDay>2018-11-28</calendarDay>
        <calendarDay>2018-11-29</calendarDay>
        <calendarDay>2018-11-30</calendarDay>
        <calendarDay>2018-12-01</calendarDay>
        <calendarDay>2018-12-03</calendarDay>
        <calendarDay>2018-12-04</calendarDay>
        <calendarDay>2018-12-05</calendarDay>
        <calendarDay>2018-12-06</calendarDay>
        <calendarDay>2018-12-07</calendarDay>
        <calendarDay>2018-12-08</calendarDay>
        <calendarDay>2018-12-10</calendarDay>
        <calendarDay>2018-12-11</calendarDay>
        <calendarDay>2018-12-12</calendarDay>
        <calendarDay>2018-12-13</calendarDay>
        <calendarDay>2018-12-14</calendarDay>
        <calendarDay>2018-12-15</calendarDay>
        <calendarDay>2018-12-17</calendarDay>
        <calendarDay>2018-12-18</calendarDay>
        <calendarDay>2018-12-19</calendarDay>
        <calendarDay>2018-12-20</calendarDay>
        <calendarDay>2018-12-21</calendarDay>
        <calendarDay>2018-12-22</calendarDay>
        <calendarDay>2019-01-07</calendarDay>
        <calendarDay>2019-01-08</calendarDay>
        <calendarDay>2019-01-09</calendarDay>
        <calendarDay>2019-01-10</calendarDay>
        <calendarDay>2019-01-11</calendarDay>
        <calendarDay>2019-01-12</calendarDay>
        <calendarDay>2019-01-14</calendarDay>
        <calendarDay>2019-01-15</calendarDay>
        <calendarDay>2019-01-16</calendarDay>
        <calendarDay>2019-01-17</calendarDay>
        <calendarDay>2019-01-18</calendarDay>
        <calendarDay>2019-01-19</calendarDay>
        <calendarDay>2019-01-21</calendarDay>
        <calendarDay>2019-01-22</calendarDay>
        <calendarDay>2019-01-23</calendarDay>
        <calendarDay>2019-01-24</calendarDay>
        <calendarDay>2019-01-25</calendarDay>
        <calendarDay>2019-01-26</calendarDay>
        <calendarDay>2019-01-28</calendarDay>
        <calendarDay>2019-01-29</calendarDay>
        <calendarDay>2019-01-30</calendarDay>
        <calendarDay>2019-01-31</calendarDay>
        <calendarDay>2019-02-01</calendarDay>
        <calendarDay>2019-02-02</calendarDay>
        <calendarDay>2019-02-04</calendarDay>
        <calendarDay>2019-02-05</calendarDay>
        <calendarDay>2019-02-06</calendarDay>
        <calendarDay>2019-02-07</calendarDay>
        <calendarDay>2019-02-08</calendarDay>
        <calendarDay>2019-02-09</calendarDay>
        <calendarDay>2019-02-11</calendarDay>
        <calendarDay>2019-02-12</calendarDay>
        <calendarDay>2019-02-13</calendarDay>
        <calendarDay>2019-02-14</calendarDay>
        <calendarDay>2019-02-15</calendarDay>
        <calendarDay>2019-02-16</calendarDay>
        <calendarDay>2019-03-04</calendarDay>
        <calendarDay>2019-03-05</calendarDay>
        <calendarDay>2019-03-06</calendarDay>
        <calendarDay>2019-03-07</calendarDay>
        <calendarDay>2019-03-08</calendarDay>
        <calendarDay>2019-03-09</calendarDay>
        <calendarDay>2019-03-11</calendarDay>
        <calendarDay>2019-03-12</calendarDay>
        <calendarDay>2019-03-13</calendarDay>
        <calendarDay>2019-03-14</calendarDay>
        <calendarDay>2019-03-15</calendarDay>
        <calendarDay>2019-03-16</calendarDay>
        <calendarDay>2019-03-18</calendarDay>
        <calendarDay>2019-03-19</calendarDay>
        <calendarDay>2019-03-20</calendarDay>
        <calendarDay>2019-03-21</calendarDay>
        <calendarDay>2019-03-22</calendarDay>
        <calendarDay>2019-03-23</calendarDay>
        <calendarDay>2019-03-25</calendarDay>
        <calendarDay>2019-03-26</calendarDay>
        <calendarDay>2019-03-27</calendarDay>
        <calendarDay>2019-03-28</calendarDay>
        <calendarDay>2019-03-29</calendarDay>
        <calendarDay>2019-03-30</calendarDay>
        <calendarDay>2019-04-01</calendarDay>
        <calendarDay>2019-04-02</calendarDay>
        <calendarDay>2019-04-03</calendarDay>
        <calendarDay>2019-04-04</calendarDay>
        <calendarDay>2019-04-05</calendarDay>
        <calendarDay>2019-04-06</calendarDay>
        <calendarDay>2019-04-08</calendarDay>
        <calendarDay>2019-04-09</calendarDay>
        <calendarDay>2019-04-10</calendarDay>
        <calendarDay>2019-04-11</calendarDay>
        <calendarDay>2019-04-12</calendarDay>
        <calendarDay>2019-04-13</calendarDay>
        <calendarDay>2019-04-29</calendarDay>
        <calendarDay>2019-04-30</calendarDay>
        <calendarDay>2019-05-02</calendarDay>
        <calendarDay>2019-05-03</calendarDay>
        <calendarDay>2019-05-04</calendarDay>
        <calendarDay>2019-05-06</calendarDay>
        <calendarDay>2019-05-07</calendarDay>
        <calendarDay>2019-05-09</calendarDay>
        <calendarDay>2019-05-10</calendarDay>
        <calendarDay>2019-05-11</calendarDay>
        <calendarDay>2019-05-13</calendarDay>
        <calendarDay>2019-05-14</calendarDay>
        <calendarDay>2019-05-15</calendarDay>
        <calendarDay>2019-05-16</calendarDay>
        <calendarDay>2019-05-17</calendarDay>
        <calendarDay>2019-05-18</calendarDay>
        <calendarDay>2019-05-20</calendarDay>
        <calendarDay>2019-05-21</calendarDay>
        <calendarDay>2019-05-22</calendarDay>
        <calendarDay>2019-05-23</calendarDay>
        <calendarDay>2019-05-24</calendarDay>
        <calendarDay>2019-05-25</calendarDay>
        <calendarDay>2019-05-27</calendarDay>
        <calendarDay>2019-05-28</calendarDay>
        <calendarDay>2019-05-29</calendarDay>
        <calendarDay>2019-06-03</calendarDay>
        <calendarDay>2019-06-04</calendarDay>
        <calendarDay>2019-06-05</calendarDay>
        <calendarDay>2019-06-06</calendarDay>
        <calendarDay>2019-06-07</calendarDay>
        <calendarDay>2019-06-08</calendarDay>
        <calendarDay>2019-06-11</calendarDay>
        <calendarDay>2019-06-12</calendarDay>
        <calendarDay>2019-06-13</calendarDay>
        <calendarDay>2019-06-14</calendarDay>
        <calendarDay>2019-06-15</calendarDay>
        <calendarDay>2019-06-17</calendarDay>
        <calendarDay>2019-06-18</calendarDay>
        <calendarDay>2019-06-19</calendarDay>
        <calendarDay>2019-06-20</calendarDay>
        <calendarDay>2019-06-21</calendarDay>
        <calendarDay>2019-06-22</calendarDay>
        <calendarDay>2019-06-24</calendarDay>
        <calendarDay>2019-06-25</calendarDay>
        <calendarDay>2019-06-26</calendarDay>
        <calendarDay>2019-06-27</calendarDay>
        <calendarDay>2019-06-28</calendarDay>
        <calendarDay>2019-06-29</calendarDay>
        <calendarDay>2019-07-01</calendarDay>
        <calendarDay>2019-07-02</calendarDay>
        <calendarDay>2019-07-03</calendarDay>
        <calendarDay>2019-07-04</calendarDay>
        <calendarDay>2019-07-05</calendarDay>
        <calendarDay>2019-07-06</calendarDay>
        <dayType>Monday</dayType>
        <dayType>Tuesday</dayType>
        <dayType>Wednesday</dayType>
        <dayType>Thursday</dayType>
        <dayType>Friday</dayType>
        <dayType>Saturday</dayType>
        <vehicleJourneyId>toutenbus:VehicleJourney:700</vehicleJourneyId>
        <comment>2018-19 / LMMeJVS Période Scolaire</comment>
    </Timetable>
    <ChouetteLineDescription>
        <Line>
            <objectId>toutenbus:Line:1</objectId>
            <objectVersion>6</objectVersion>
            <creationTime>2017-06-11T22:22:14</creationTime>
            <creatorId>chouette</creatorId>
            <name>Les Oliviers - Gare Routière</name>
            <number>1</number>
            <publishedName>Les Oliviers - Gare Routière</publishedName>
            <transportModeName>Bus</transportModeName>
            <routeId>toutenbus:Route:108</routeId>
            <routeId>toutenbus:Route:107</routeId>
            <registration>
                <registrationNumber>1</registrationNumber>
            </registration>
            <ptNetworkIdShortcut>toutenbus:PTNetwork:1</ptNetworkIdShortcut>
        </Line>
        <ChouetteRoute>
            <objectId>toutenbus:Route:107</objectId>
            <objectVersion>8</objectVersion>
            <creationTime>2018-08-26T23:52:24</creationTime>
            <creatorId>chouette</creatorId>
            <name>2018-19 / Aller</name>
            <publishedName>Gare Routière - Ecole les Oliviers</publishedName>
            <direction>A</direction>
            <ptLinkId>toutenbus:PtLink:1281A1282</ptLinkId>
            <ptLinkId>toutenbus:PtLink:1282A1283</ptLinkId>
            <ptLinkId>toutenbus:PtLink:1283A1284</ptLinkId>
            <ptLinkId>toutenbus:PtLink:1284A1285</ptLinkId>
            <ptLinkId>toutenbus:PtLink:1285A1286</ptLinkId>
            <ptLinkId>toutenbus:PtLink:1286A1287</ptLinkId>
            <ptLinkId>toutenbus:PtLink:1287A1288</ptLinkId>
            <ptLinkId>toutenbus:PtLink:1288A1289</ptLinkId>
            <ptLinkId>toutenbus:PtLink:1289A1290</ptLinkId>
            <ptLinkId>toutenbus:PtLink:1290A1291</ptLinkId>
            <ptLinkId>toutenbus:PtLink:1291A1292</ptLinkId>
            <ptLinkId>toutenbus:PtLink:1292A1293</ptLinkId>
            <journeyPatternId>toutenbus:JourneyPattern:533</journeyPatternId>
            <wayBackRouteId>toutenbus:Route:108</wayBackRouteId>
            <RouteExtension>
                <wayBack>A</wayBack>
            </RouteExtension>
        </ChouetteRoute>
        <StopPoint>
            <objectId>toutenbus:StopPoint:1281</objectId>
            <objectVersion>2</objectVersion>
            <creationTime>2018-07-14T15:36:59</creationTime>
            <creatorId>chouette</creatorId>
            <longitude>4.4071364402771000</longitude>
            <latitude>44.6109733581543000</latitude>
            <longLatType>WGS84</longLatType>
            <projectedPoint>
                <X>811645.57599364058114588260650634765625</X>
                <Y>6391203.928769120015203952789306640625</Y>
                <projectionType>EPSG:2154</projectionType>
            </projectedPoint>
            <containedIn>teb_:StopArea:GARE_ROUTIERE</containedIn>
            <name>Gare Routière</name>
        </StopPoint>
        <StopPoint>
            <objectId>toutenbus:StopPoint:1282</objectId>
            <objectVersion>2</objectVersion>
            <creationTime>2018-07-14T15:36:59</creationTime>
            <creatorId>chouette</creatorId>
            <longitude>4.4053287506103520</longitude>
            <latitude>44.6150360107421900</latitude>
            <longLatType>WGS84</longLatType>
            <projectedPoint>
                <X>811494.133577058673836290836334228515625</X>
                <Y>6391652.57981316931545734405517578125</Y>
                <projectionType>EPSG:2154</projectionType>
            </projectedPoint>
            <containedIn>teb_:StopArea:GENDARMERIE_1</containedIn>
            <name>Gendarmerie</name>
        </StopPoint>
        <StopPoint>
            <objectId>toutenbus:StopPoint:1283</objectId>
            <objectVersion>2</objectVersion>
            <creationTime>2018-07-14T15:36:59</creationTime>
            <creatorId>chouette</creatorId>
            <longitude>4.4003276824951170</longitude>
            <latitude>44.6145210266113300</latitude>
            <longLatType>WGS84</longLatType>
            <projectedPoint>
                <X>811098.4214570173062384128570556640625</X>
                <Y>6391588.33585997112095355987548828125</Y>
                <projectionType>EPSG:2154</projectionType>
            </projectedPoint>
            <containedIn>toutenbus:StopArea:BELLANDE</containedIn>
            <name>Avenue Bellande</name>
        </StopPoint>
        <StopPoint>
            <objectId>toutenbus:StopPoint:1284</objectId>
            <objectVersion>2</objectVersion>
            <creationTime>2018-07-14T15:36:59</creationTime>
            <creatorId>chouette</creatorId>
            <longitude>4.3972806930541990</longitude>
            <latitude>44.6121292114257800</latitude>
            <longLatType>WGS84</longLatType>
            <projectedPoint>
                <X>810861.407475814339704811573028564453125</X>
                <Y>6391318.413849801756441593170166015625</Y>
                <projectionType>EPSG:2154</projectionType>
            </projectedPoint>
            <containedIn>teb_:StopArea:HOPITAL</containedIn>
            <name>Hôpital</name>
        </StopPoint>
        <StopPoint>
            <objectId>toutenbus:StopPoint:1285</objectId>
            <objectVersion>2</objectVersion>
            <creationTime>2018-07-14T15:36:59</creationTime>
            <creatorId>chouette</creatorId>
            <longitude>4.4025754928588870</longitude>
            <latitude>44.6049995422363300</latitude>
            <longLatType>WGS84</longLatType>
            <projectedPoint>
                <X>811295.523681879625655710697174072265625</X>
                <Y>6390534.0262888036668300628662109375</Y>
                <projectionType>EPSG:2154</projectionType>
            </projectedPoint>
            <containedIn>teb_:StopArea:LYCEE_SERRE</containedIn>
            <name>Lycée Olivier De Serres</name>
        </StopPoint>
        <StopPoint>
            <objectId>toutenbus:StopPoint:1286</objectId>
            <objectVersion>2</objectVersion>
            <creationTime>2018-07-14T15:36:59</creationTime>
            <creatorId>chouette</creatorId>
            <longitude>4.3994102478027340</longitude>
            <latitude>44.6065559387207000</latitude>
            <longLatType>WGS84</longLatType>
            <projectedPoint>
                <X>811041.32142715551890432834625244140625</X>
                <Y>6390702.426833055913448333740234375</Y>
                <projectionType>EPSG:2154</projectionType>
            </projectedPoint>
            <containedIn>teb_:StopArea:IMPRIMERIE</containedIn>
            <name>Imprimerie</name>
        </StopPoint>
        <StopPoint>
            <objectId>toutenbus:StopPoint:1287</objectId>
            <objectVersion>2</objectVersion>
            <creationTime>2018-07-14T15:36:59</creationTime>
            <creatorId>chouette</creatorId>
            <longitude>4.3950920104980470</longitude>
            <latitude>44.6089935302734400</latitude>
            <longLatType>WGS84</longLatType>
            <projectedPoint>
                <X>810693.927213957882486283779144287109375</X>
                <Y>6390967.088025608099997043609619140625</Y>
                <projectionType>EPSG:2154</projectionType>
            </projectedPoint>
            <containedIn>teb_:StopArea:RIPOTIER</containedIn>
            <name>Ripotier</name>
        </StopPoint>
        <StopPoint>
            <objectId>toutenbus:StopPoint:1288</objectId>
            <objectVersion>2</objectVersion>
            <creationTime>2018-07-14T15:37:00</creationTime>
            <creatorId>chouette</creatorId>
            <longitude>4.3927989006042480</longitude>
            <latitude>44.6075973510742200</latitude>
            <longLatType>WGS84</longLatType>
            <projectedPoint>
                <X>810514.7341143903322517871856689453125</X>
                <Y>6390808.813230433501303195953369140625</Y>
                <projectionType>EPSG:2154</projectionType>
            </projectedPoint>
            <containedIn>toutenbus:StopArea:ANCIENS_ABATTOIRS_1</containedIn>
            <name>Anciens Abattoirs</name>
        </StopPoint>
        <StopPoint>
            <objectId>toutenbus:StopPoint:1289</objectId>
            <objectVersion>3</objectVersion>
            <creationTime>2018-07-14T15:40:15</creationTime>
            <creatorId>chouette</creatorId>
            <longitude>4.3908950086090850</longitude>
            <latitude>44.6111194272598000</latitude>
            <longLatType>WGS84</longLatType>
            <projectedPoint>
                <X>810356.790169129264540970325469970703125</X>
                <Y>6391197.32016545720398426055908203125</Y>
                <projectionType>EPSG:2154</projectionType>
            </projectedPoint>
            <containedIn>toutenbus:StopArea:ANCIENNE_GARE_AUBENAS</containedIn>
            <name>Ancienne Gare d'Aubenas</name>
        </StopPoint>
        <StopPoint>
            <objectId>toutenbus:StopPoint:1290</objectId>
            <objectVersion>2</objectVersion>
            <creationTime>2018-07-14T15:37:00</creationTime>
            <creatorId>chouette</creatorId>
            <longitude>4.3933963775634770</longitude>
            <latitude>44.6158180236816400</latitude>
            <longLatType>WGS84</longLatType>
            <projectedPoint>
                <X>810546.02448834083043038845062255859375</X>
                <Y>6391722.654830376617610454559326171875</Y>
                <projectionType>EPSG:2154</projectionType>
            </projectedPoint>
            <containedIn>toutenbus:StopArea:BOISVIGNAL_SUDIMMAC</containedIn>
            <name>Boisvignal - Sud Immac</name>
        </StopPoint>
        <StopPoint>
            <objectId>toutenbus:StopPoint:1291</objectId>
            <objectVersion>2</objectVersion>
            <creationTime>2018-07-14T15:37:00</creationTime>
            <creatorId>chouette</creatorId>
            <longitude>4.3939676284790040</longitude>
            <latitude>44.6183128356933600</latitude>
            <longLatType>WGS84</longLatType>
            <projectedPoint>
                <X>810586.448425231385044753551483154296875</X>
                <Y>6392000.533188777975738048553466796875</Y>
                <projectionType>EPSG:2154</projectionType>
            </projectedPoint>
            <containedIn>teb_:StopArea:RP_ECOLES</containedIn>
            <name>Rond-Point Des Ecoles</name>
        </StopPoint>
        <StopPoint>
            <objectId>toutenbus:StopPoint:1292</objectId>
            <objectVersion>2</objectVersion>
            <creationTime>2018-07-14T15:37:00</creationTime>
            <creatorId>chouette</creatorId>
            <longitude>4.3897585868835450</longitude>
            <latitude>44.6146125793457000</latitude>
            <longLatType>WGS84</longLatType>
            <projectedPoint>
                <X>810259.80434353300370275974273681640625</X>
                <Y>6391583.689527845941483974456787109375</Y>
                <projectionType>EPSG:2154</projectionType>
            </projectedPoint>
            <containedIn>teb_:StopArea:PISCINE</containedIn>
            <name>Ancienne Piscine Aubenas</name>
        </StopPoint>
        <StopPoint>
            <objectId>toutenbus:StopPoint:1293</objectId>
            <objectVersion>2</objectVersion>
            <creationTime>2018-07-14T15:37:00</creationTime>
            <creatorId>chouette</creatorId>
            <longitude>4.3893709182739260</longitude>
            <latitude>44.6180381774902340</latitude>
            <longLatType>WGS84</longLatType>
            <projectedPoint>
                <X>810222.35600440553389489650726318359375</X>
                <Y>6391963.60206977464258670806884765625</Y>
                <projectionType>EPSG:2154</projectionType>
            </projectedPoint>
            <containedIn>teb_:StopArea:PLACE_PAIX</containedIn>
            <name>Place De La Paix</name>
        </StopPoint>
        <PtLink>
            <objectId>toutenbus:PtLink:1281A1282</objectId>
            <objectVersion>1</objectVersion>
            <creationTime>2018-11-27T12:58:43</creationTime>
            <startOfLink>toutenbus:StopPoint:1281</startOfLink>
            <endOfLink>toutenbus:StopPoint:1282</endOfLink>
        </PtLink>
        <PtLink>
            <objectId>toutenbus:PtLink:1282A1283</objectId>
            <objectVersion>1</objectVersion>
            <creationTime>2018-11-27T12:58:43</creationTime>
            <startOfLink>toutenbus:StopPoint:1282</startOfLink>
            <endOfLink>toutenbus:StopPoint:1283</endOfLink>
        </PtLink>
        <PtLink>
            <objectId>toutenbus:PtLink:1283A1284</objectId>
            <objectVersion>1</objectVersion>
            <creationTime>2018-11-27T12:58:43</creationTime>
            <startOfLink>toutenbus:StopPoint:1283</startOfLink>
            <endOfLink>toutenbus:StopPoint:1284</endOfLink>
        </PtLink>
        <PtLink>
            <objectId>toutenbus:PtLink:1284A1285</objectId>
            <objectVersion>1</objectVersion>
            <creationTime>2018-11-27T12:58:43</creationTime>
            <startOfLink>toutenbus:StopPoint:1284</startOfLink>
            <endOfLink>toutenbus:StopPoint:1285</endOfLink>
        </PtLink>
        <PtLink>
            <objectId>toutenbus:PtLink:1285A1286</objectId>
            <objectVersion>1</objectVersion>
            <creationTime>2018-11-27T12:58:43</creationTime>
            <startOfLink>toutenbus:StopPoint:1285</startOfLink>
            <endOfLink>toutenbus:StopPoint:1286</endOfLink>
        </PtLink>
        <PtLink>
            <objectId>toutenbus:PtLink:1286A1287</objectId>
            <objectVersion>1</objectVersion>
            <creationTime>2018-11-27T12:58:43</creationTime>
            <startOfLink>toutenbus:StopPoint:1286</startOfLink>
            <endOfLink>toutenbus:StopPoint:1287</endOfLink>
        </PtLink>
        <PtLink>
            <objectId>toutenbus:PtLink:1287A1288</objectId>
            <objectVersion>1</objectVersion>
            <creationTime>2018-11-27T12:58:43</creationTime>
            <startOfLink>toutenbus:StopPoint:1287</startOfLink>
            <endOfLink>toutenbus:StopPoint:1288</endOfLink>
        </PtLink>
        <PtLink>
            <objectId>toutenbus:PtLink:1288A1289</objectId>
            <objectVersion>1</objectVersion>
            <creationTime>2018-11-27T12:58:43</creationTime>
            <startOfLink>toutenbus:StopPoint:1288</startOfLink>
            <endOfLink>toutenbus:StopPoint:1289</endOfLink>
        </PtLink>
        <PtLink>
            <objectId>toutenbus:PtLink:1289A1290</objectId>
            <objectVersion>1</objectVersion>
            <creationTime>2018-11-27T12:58:43</creationTime>
            <startOfLink>toutenbus:StopPoint:1289</startOfLink>
            <endOfLink>toutenbus:StopPoint:1290</endOfLink>
        </PtLink>
        <PtLink>
            <objectId>toutenbus:PtLink:1290A1291</objectId>
            <objectVersion>1</objectVersion>
            <creationTime>2018-11-27T12:58:43</creationTime>
            <startOfLink>toutenbus:StopPoint:1290</startOfLink>
            <endOfLink>toutenbus:StopPoint:1291</endOfLink>
        </PtLink>
        <PtLink>
            <objectId>toutenbus:PtLink:1291A1292</objectId>
            <objectVersion>1</objectVersion>
            <creationTime>2018-11-27T12:58:43</creationTime>
            <startOfLink>toutenbus:StopPoint:1291</startOfLink>
            <endOfLink>toutenbus:StopPoint:1292</endOfLink>
        </PtLink>
        <PtLink>
            <objectId>toutenbus:PtLink:1292A1293</objectId>
            <objectVersion>1</objectVersion>
            <creationTime>2018-11-27T12:58:43</creationTime>
            <startOfLink>toutenbus:StopPoint:1292</startOfLink>
            <endOfLink>toutenbus:StopPoint:1293</endOfLink>
        </PtLink>
        <JourneyPattern>
            <objectId>toutenbus:JourneyPattern:533</objectId>
            <objectVersion>19</objectVersion>
            <creationTime>2018-08-26T23:52:25</creationTime>
            <creatorId>chouette</creatorId>
            <name>AUBENAS Les Oliviers</name>
            <publishedName>AUBENAS Les Oliviers</publishedName>
            <routeId>toutenbus:Route:107</routeId>
            <origin>toutenbus:StopPoint:1281</origin>
            <destination>toutenbus:StopPoint:1293</destination>
            <stopPointList>toutenbus:StopPoint:1281</stopPointList>
            <stopPointList>toutenbus:StopPoint:1282</stopPointList>
            <stopPointList>toutenbus:StopPoint:1283</stopPointList>
            <stopPointList>toutenbus:StopPoint:1284</stopPointList>
            <stopPointList>toutenbus:StopPoint:1285</stopPointList>
            <stopPointList>toutenbus:StopPoint:1286</stopPointList>
            <stopPointList>toutenbus:StopPoint:1287</stopPointList>
            <stopPointList>toutenbus:StopPoint:1288</stopPointList>
            <stopPointList>toutenbus:StopPoint:1289</stopPointList>
            <stopPointList>toutenbus:StopPoint:1290</stopPointList>
            <stopPointList>toutenbus:StopPoint:1291</stopPointList>
            <stopPointList>toutenbus:StopPoint:1293</stopPointList>
            <comment></comment>
        </JourneyPattern>
        <VehicleJourney>
            <objectId>toutenbus:VehicleJourney:700</objectId>
            <objectVersion>6</objectVersion>
            <creationTime>2018-07-14T21:24:24</creationTime>
            <creatorId>chouette</creatorId>
            <routeId>toutenbus:Route:107</routeId>
            <journeyPatternId>toutenbus:JourneyPattern:533</journeyPatternId>
            <publishedJourneyName>Place de la Paix</publishedJourneyName>
            <transportMode>Bus</transportMode>
            <number>1026</number>
            <vehicleJourneyAtStop>
                <stopPointId>toutenbus:StopPoint:1281</stopPointId>
                <vehicleJourneyId>toutenbus:VehicleJourney:700</vehicleJourneyId>
                <arrivalTime>18:33:00</arrivalTime>
                <departureTime>18:33:00</departureTime>
                <order>1</order>
            </vehicleJourneyAtStop>
            <vehicleJourneyAtStop>
                <stopPointId>toutenbus:StopPoint:1282</stopPointId>
                <vehicleJourneyId>toutenbus:VehicleJourney:700</vehicleJourneyId>
                <arrivalTime>18:35:00</arrivalTime>
                <departureTime>18:35:00</departureTime>
                <order>2</order>
            </vehicleJourneyAtStop>
            <vehicleJourneyAtStop>
                <stopPointId>toutenbus:StopPoint:1283</stopPointId>
                <vehicleJourneyId>toutenbus:VehicleJourney:700</vehicleJourneyId>
                <arrivalTime>18:36:00</arrivalTime>
                <departureTime>18:36:00</departureTime>
                <order>3</order>
            </vehicleJourneyAtStop>
            <vehicleJourneyAtStop>
                <stopPointId>toutenbus:StopPoint:1284</stopPointId>
                <vehicleJourneyId>toutenbus:VehicleJourney:700</vehicleJourneyId>
                <arrivalTime>18:38:00</arrivalTime>
                <departureTime>18:38:00</departureTime>
                <order>4</order>
            </vehicleJourneyAtStop>
            <vehicleJourneyAtStop>
                <stopPointId>toutenbus:StopPoint:1285</stopPointId>
                <vehicleJourneyId>toutenbus:VehicleJourney:700</vehicleJourneyId>
                <arrivalTime>18:41:00</arrivalTime>
                <departureTime>18:41:00</departureTime>
                <order>5</order>
            </vehicleJourneyAtStop>
            <vehicleJourneyAtStop>
                <stopPointId>toutenbus:StopPoint:1286</stopPointId>
                <vehicleJourneyId>toutenbus:VehicleJourney:700</vehicleJourneyId>
                <arrivalTime>18:42:00</arrivalTime>
                <departureTime>18:42:00</departureTime>
                <order>6</order>
            </vehicleJourneyAtStop>
            <vehicleJourneyAtStop>
                <stopPointId>toutenbus:StopPoint:1287</stopPointId>
                <vehicleJourneyId>toutenbus:VehicleJourney:700</vehicleJourneyId>
                <arrivalTime>18:43:00</arrivalTime>
                <departureTime>18:43:00</departureTime>
                <order>7</order>
            </vehicleJourneyAtStop>
            <vehicleJourneyAtStop>
                <stopPointId>toutenbus:StopPoint:1288</stopPointId>
                <vehicleJourneyId>toutenbus:VehicleJourney:700</vehicleJourneyId>
                <arrivalTime>18:44:00</arrivalTime>
                <departureTime>18:44:00</departureTime>
                <order>8</order>
            </vehicleJourneyAtStop>
            <vehicleJourneyAtStop>
                <stopPointId>toutenbus:StopPoint:1289</stopPointId>
                <vehicleJourneyId>toutenbus:VehicleJourney:700</vehicleJourneyId>
                <arrivalTime>18:46:00</arrivalTime>
                <departureTime>18:46:00</departureTime>
                <order>9</order>
            </vehicleJourneyAtStop>
            <vehicleJourneyAtStop>
                <stopPointId>toutenbus:StopPoint:1290</stopPointId>
                <vehicleJourneyId>toutenbus:VehicleJourney:700</vehicleJourneyId>
                <arrivalTime>18:48:00</arrivalTime>
                <departureTime>18:48:00</departureTime>
                <order>10</order>
            </vehicleJourneyAtStop>
            <vehicleJourneyAtStop>
                <stopPointId>toutenbus:StopPoint:1291</stopPointId>
                <vehicleJourneyId>toutenbus:VehicleJourney:700</vehicleJourneyId>
                <arrivalTime>18:50:00</arrivalTime>
                <departureTime>18:50:00</departureTime>
                <order>11</order>
            </vehicleJourneyAtStop>
            <vehicleJourneyAtStop>
                <stopPointId>toutenbus:StopPoint:1293</stopPointId>
                <vehicleJourneyId>toutenbus:VehicleJourney:700</vehicleJourneyId>
                <arrivalTime>18:51:00</arrivalTime>
                <departureTime>18:51:00</departureTime>
                <order>12</order>
            </vehicleJourneyAtStop>
        </VehicleJourney>
    </ChouetteLineDescription>
</ChouettePTNetwork>
