<?xml version="1.0" encoding="UTF-8" standalone="yes"?>
<ChouettePTNetwork xmlns="http://www.trident.org/schema/trident" xmlns:acsb="http://www.ifopt.org.uk/acsb" xmlns:siri="http://www.siri.org.uk/siri">
    <PTNetwork>
        <objectId>toutenbus:PTNetwork:1</objectId>
        <objectVersion>4</objectVersion>
        <creationTime>2017-06-11T11:07:54</creationTime>
        <creatorId>chouette</creatorId>
        <versionDate>2016-03-29</versionDate>
        <name>Tout'enbus</name>
        <registration>
            <registrationNumber>1</registrationNumber>
        </registration>
        <sourceType>TransitOperator</sourceType>
    </PTNetwork>
    <GroupOfLine>
        <objectId>toutenbus:GroupOfLine:1</objectId>
        <objectVersion>3</objectVersion>
        <creationTime>2017-06-11T11:09:15</creationTime>
        <creatorId>chouette</creatorId>
        <name>Lignes urbaines</name>
        <lineId>toutenbus:Line:3</lineId>
    </GroupOfLine>
    <Company>
        <objectId>toutenbus:Company:1</objectId>
        <objectVersion>3</objectVersion>
        <creationTime>2017-09-11T15:53:32</creationTime>
        <creatorId>chouette</creatorId>
        <name>Tout'enbus</name>
        <shortName>TEB</shortName>
        <phone>0475892656</phone>
        <email>contact@toutenbus.fr</email>
        <registration>
            <registrationNumber>1</registrationNumber>
        </registration>
    </Company>
    <ChouetteArea>
        <StopArea>
            <objectId>teb_:StopArea:PLACE_PAIX</objectId>
            <objectVersion>1</objectVersion>
            <creationTime>2016-09-20T22:35:36</creationTime>
            <creatorId>chouette</creatorId>
            <name>Place De La Paix</name>
            <contains>toutenbus:StopPoint:1415</contains>
            <contains>toutenbus:StopPoint:1406</contains>
            <contains>toutenbus:StopPoint:1421</contains>
            <centroidOfArea>teb_:AreaCentroid:PLACE_PAIX</centroidOfArea>
            <StopAreaExtension>
                <areaType>BoardingPosition</areaType>
                <fareCode>0</fareCode>
                <mobilityRestrictedSuitability>false</mobilityRestrictedSuitability>
                <stairsAvailability>false</stairsAvailability>
                <liftAvailability>false</liftAvailability>
            </StopAreaExtension>
        </StopArea>
        <StopArea>
            <objectId>teb_:StopArea:VERNON_1</objectId>
            <objectVersion>5</objectVersion>
            <creationTime>2016-09-01T10:01:34</creationTime>
            <creatorId>chouette</creatorId>
            <name>Vals Vernon</name>
            <contains>toutenbus:StopPoint:1393</contains>
            <centroidOfArea>teb_:AreaCentroid:VERNON_1</centroidOfArea>
            <StopAreaExtension>
                <areaType>BoardingPosition</areaType>
                <fareCode>0</fareCode>
                <registration>
                    <registrationNumber>1</registrationNumber>
                </registration>
                <mobilityRestrictedSuitability>false</mobilityRestrictedSuitability>
                <stairsAvailability>false</stairsAvailability>
                <liftAvailability>false</liftAvailability>
            </StopAreaExtension>
        </StopArea>
        <StopArea>
            <objectId>teb_:StopArea:PLACE_AIRETTE_OT</objectId>
            <objectVersion>5</objectVersion>
            <creationTime>2017-08-16T08:08:06</creationTime>
            <creatorId>chouette</creatorId>
            <name>Place De l'Airette - Office De Tourisme</name>
            <contains>toutenbus:StopPoint:1404</contains>
            <centroidOfArea>teb_:AreaCentroid:PLACE_AIRETTE_OT</centroidOfArea>
            <StopAreaExtension>
                <areaType>BoardingPosition</areaType>
                <fareCode>0</fareCode>
                <mobilityRestrictedSuitability>false</mobilityRestrictedSuitability>
                <stairsAvailability>false</stairsAvailability>
                <liftAvailability>false</liftAvailability>
            </StopAreaExtension>
        </StopArea>
        <StopArea>
            <objectId>teb_:StopArea:VALS_DE_GAULLE</objectId>
            <objectVersion>3</objectVersion>
            <creationTime>2016-09-01T10:00:51</creationTime>
            <creatorId>chouette</creatorId>
            <name>Vals Place Général De Gaulle</name>
            <contains>toutenbus:StopPoint:1394</contains>
            <centroidOfArea>teb_:AreaCentroid:VALS_DE_GAULLE</centroidOfArea>
            <StopAreaExtension>
                <areaType>BoardingPosition</areaType>
                <fareCode>0</fareCode>
                <mobilityRestrictedSuitability>false</mobilityRestrictedSuitability>
                <stairsAvailability>false</stairsAvailability>
                <liftAvailability>false</liftAvailability>
            </StopAreaExtension>
        </StopArea>
        <StopArea>
            <objectId>teb_:StopArea:VALS_LABORATOIRE</objectId>
            <objectVersion>3</objectVersion>
            <creationTime>2016-09-01T10:00:20</creationTime>
            <creatorId>chouette</creatorId>
            <name>Vals Laboratoire</name>
            <contains>toutenbus:StopPoint:1395</contains>
            <centroidOfArea>teb_:AreaCentroid:VALS_LABORATOIRE</centroidOfArea>
            <StopAreaExtension>
                <areaType>BoardingPosition</areaType>
                <fareCode>0</fareCode>
                <mobilityRestrictedSuitability>false</mobilityRestrictedSuitability>
                <stairsAvailability>false</stairsAvailability>
                <liftAvailability>false</liftAvailability>
            </StopAreaExtension>
        </StopArea>
        <StopArea>
            <objectId>teb_:StopArea:407</objectId>
            <objectVersion>6</objectVersion>
            <creationTime>2016-09-01T10:00:33</creationTime>
            <creatorId>chouette</creatorId>
            <name>Vals La Treuillère</name>
            <contains>toutenbus:StopPoint:1389</contains>
            <centroidOfArea>teb_:AreaCentroid:407</centroidOfArea>
            <StopAreaExtension>
                <areaType>BoardingPosition</areaType>
                <mobilityRestrictedSuitability>false</mobilityRestrictedSuitability>
                <stairsAvailability>false</stairsAvailability>
                <liftAvailability>false</liftAvailability>
            </StopAreaExtension>
        </StopArea>
        <StopArea>
            <objectId>teb_:StopArea:PT_VALS_1</objectId>
            <objectVersion>5</objectVersion>
            <creationTime>2016-09-01T10:01:20</creationTime>
            <creatorId>chouette</creatorId>
            <name>Vals Pont De Vals</name>
            <contains>toutenbus:StopPoint:1396</contains>
            <centroidOfArea>teb_:AreaCentroid:PT_VALS_1</centroidOfArea>
            <StopAreaExtension>
                <areaType>BoardingPosition</areaType>
                <fareCode>0</fareCode>
                <registration>
                    <registrationNumber>1</registrationNumber>
                </registration>
                <mobilityRestrictedSuitability>false</mobilityRestrictedSuitability>
                <stairsAvailability>false</stairsAvailability>
                <liftAvailability>false</liftAvailability>
            </StopAreaExtension>
        </StopArea>
        <StopArea>
            <objectId>teb_:StopArea:VALS_COLLEGE_1</objectId>
            <objectVersion>6</objectVersion>
            <creationTime>2016-09-01T09:58:46</creationTime>
            <creatorId>chouette</creatorId>
            <name>Vals Collège Stade</name>
            <contains>toutenbus:StopPoint:1391</contains>
            <centroidOfArea>teb_:AreaCentroid:VALS_COLLEGE_1</centroidOfArea>
            <StopAreaExtension>
                <areaType>BoardingPosition</areaType>
                <fareCode>0</fareCode>
                <registration>
                    <registrationNumber>1</registrationNumber>
                </registration>
                <mobilityRestrictedSuitability>false</mobilityRestrictedSuitability>
                <stairsAvailability>false</stairsAvailability>
                <liftAvailability>false</liftAvailability>
            </StopAreaExtension>
        </StopArea>
        <StopArea>
            <objectId>teb_:StopArea:GALLIMARD_1</objectId>
            <objectVersion>3</objectVersion>
            <creationTime>2016-09-01T09:59:03</creationTime>
            <creatorId>chouette</creatorId>
            <name>Vals Gallimard</name>
            <contains>toutenbus:StopPoint:1392</contains>
            <centroidOfArea>teb_:AreaCentroid:GALLIMARD_1</centroidOfArea>
            <StopAreaExtension>
                <areaType>BoardingPosition</areaType>
                <fareCode>0</fareCode>
                <registration>
                    <registrationNumber>1</registrationNumber>
                </registration>
                <mobilityRestrictedSuitability>false</mobilityRestrictedSuitability>
                <stairsAvailability>false</stairsAvailability>
                <liftAvailability>false</liftAvailability>
            </StopAreaExtension>
        </StopArea>
        <StopArea>
            <objectId>teb_:StopArea:GENDARMERIE_2</objectId>
            <objectVersion>1</objectVersion>
            <creationTime>2016-09-20T22:35:36</creationTime>
            <creatorId>chouette</creatorId>
            <name>Gendarmerie</name>
            <contains>toutenbus:StopPoint:1412</contains>
            <centroidOfArea>teb_:AreaCentroid:GENDARMERIE_2</centroidOfArea>
            <StopAreaExtension>
                <areaType>BoardingPosition</areaType>
                <fareCode>0</fareCode>
                <registration>
                    <registrationNumber>2</registrationNumber>
                </registration>
                <mobilityRestrictedSuitability>false</mobilityRestrictedSuitability>
                <stairsAvailability>false</stairsAvailability>
                <liftAvailability>false</liftAvailability>
            </StopAreaExtension>
        </StopArea>
        <StopArea>
            <objectId>teb_:StopArea:ANCIENNE_GARE_1</objectId>
            <objectVersion>3</objectVersion>
            <creationTime>2016-09-01T09:27:35</creationTime>
            <creatorId>chouette</creatorId>
            <name>Labégude Ancienne Gare</name>
            <contains>toutenbus:StopPoint:1398</contains>
            <centroidOfArea>teb_:AreaCentroid:ANCIENNE_GARE_1</centroidOfArea>
            <StopAreaExtension>
                <areaType>BoardingPosition</areaType>
                <fareCode>0</fareCode>
                <registration>
                    <registrationNumber>1</registrationNumber>
                </registration>
                <mobilityRestrictedSuitability>false</mobilityRestrictedSuitability>
                <stairsAvailability>false</stairsAvailability>
                <liftAvailability>false</liftAvailability>
            </StopAreaExtension>
        </StopArea>
        <StopArea>
            <objectId>teb_:StopArea:LABLACHERE_1</objectId>
            <objectVersion>3</objectVersion>
            <creationTime>2016-09-01T09:28:09</creationTime>
            <creatorId>chouette</creatorId>
            <name>Labégude Lablachère</name>
            <contains>toutenbus:StopPoint:1399</contains>
            <centroidOfArea>teb_:AreaCentroid:LABLACHERE_1</centroidOfArea>
            <StopAreaExtension>
                <areaType>BoardingPosition</areaType>
                <fareCode>0</fareCode>
                <registration>
                    <registrationNumber>1</registrationNumber>
                </registration>
                <mobilityRestrictedSuitability>false</mobilityRestrictedSuitability>
                <stairsAvailability>false</stairsAvailability>
                <liftAvailability>false</liftAvailability>
            </StopAreaExtension>
        </StopArea>
        <StopArea>
            <objectId>teb_:StopArea:STADE_ROQUA</objectId>
            <objectVersion>5</objectVersion>
            <creationTime>2016-08-24T21:56:11</creationTime>
            <creatorId>chouette</creatorId>
            <name>Stade Roqua</name>
            <contains>toutenbus:StopPoint:1408</contains>
            <centroidOfArea>teb_:AreaCentroid:STADE_ROQUA</centroidOfArea>
            <StopAreaExtension>
                <areaType>BoardingPosition</areaType>
                <fareCode>0</fareCode>
                <mobilityRestrictedSuitability>false</mobilityRestrictedSuitability>
                <stairsAvailability>false</stairsAvailability>
                <liftAvailability>false</liftAvailability>
            </StopAreaExtension>
        </StopArea>
        <StopArea>
            <objectId>teb_:StopArea:MONTEE_DOME_1</objectId>
            <objectVersion>5</objectVersion>
            <creationTime>2016-08-24T21:45:49</creationTime>
            <creatorId>chouette</creatorId>
            <name>Montée Du Dôme</name>
            <contains>toutenbus:StopPoint:1403</contains>
            <centroidOfArea>teb_:AreaCentroid:MONTEE_DOME_1</centroidOfArea>
            <StopAreaExtension>
                <areaType>BoardingPosition</areaType>
                <fareCode>0</fareCode>
                <registration>
                    <registrationNumber>1</registrationNumber>
                </registration>
                <mobilityRestrictedSuitability>false</mobilityRestrictedSuitability>
                <stairsAvailability>false</stairsAvailability>
                <liftAvailability>false</liftAvailability>
            </StopAreaExtension>
        </StopArea>
        <StopArea>
            <objectId>teb_:StopArea:LAUTARET_1</objectId>
            <objectVersion>3</objectVersion>
            <creationTime>2016-09-01T09:28:26</creationTime>
            <creatorId>chouette</creatorId>
            <name>Labégude Lautaret</name>
            <contains>toutenbus:StopPoint:1400</contains>
            <centroidOfArea>teb_:AreaCentroid:LAUTARET_1</centroidOfArea>
            <StopAreaExtension>
                <areaType>BoardingPosition</areaType>
                <fareCode>0</fareCode>
                <registration>
                    <registrationNumber>1</registrationNumber>
                </registration>
                <mobilityRestrictedSuitability>false</mobilityRestrictedSuitability>
                <stairsAvailability>false</stairsAvailability>
                <liftAvailability>false</liftAvailability>
            </StopAreaExtension>
        </StopArea>
        <StopArea>
            <objectId>teb_:StopArea:LABEGUDE_PLACE_1</objectId>
            <objectVersion>3</objectVersion>
            <creationTime>2016-09-01T09:29:18</creationTime>
            <creatorId>chouette</creatorId>
            <name>Labégude Place</name>
            <contains>toutenbus:StopPoint:1397</contains>
            <centroidOfArea>teb_:AreaCentroid:LABEGUDE_PLACE_1</centroidOfArea>
            <StopAreaExtension>
                <areaType>BoardingPosition</areaType>
                <fareCode>0</fareCode>
                <registration>
                    <registrationNumber>1</registrationNumber>
                </registration>
                <mobilityRestrictedSuitability>false</mobilityRestrictedSuitability>
                <stairsAvailability>false</stairsAvailability>
                <liftAvailability>false</liftAvailability>
            </StopAreaExtension>
        </StopArea>
        <StopArea>
            <objectId>teb_:StopArea:GARE_ROUTIERE</objectId>
            <objectVersion>1</objectVersion>
            <creationTime>2016-09-20T22:35:36</creationTime>
            <creatorId>chouette</creatorId>
            <name>Gare Routière</name>
            <contains>toutenbus:StopPoint:1413</contains>
            <centroidOfArea>teb_:AreaCentroid:GARE_ROUTIERE</centroidOfArea>
            <StopAreaExtension>
                <areaType>BoardingPosition</areaType>
                <fareCode>0</fareCode>
                <mobilityRestrictedSuitability>false</mobilityRestrictedSuitability>
                <stairsAvailability>false</stairsAvailability>
                <liftAvailability>false</liftAvailability>
            </StopAreaExtension>
        </StopArea>
        <StopArea>
            <objectId>teb_:StopArea:VALS_PTOCRE_1</objectId>
            <objectVersion>3</objectVersion>
            <creationTime>2017-06-21T19:22:10</creationTime>
            <creatorId>chouette</creatorId>
            <name>Vals Pont de l'Ocre</name>
            <contains>toutenbus:StopPoint:1390</contains>
            <centroidOfArea>teb_:AreaCentroid:VALS_PTOCRE_1</centroidOfArea>
            <StopAreaExtension>
                <areaType>BoardingPosition</areaType>
            </StopAreaExtension>
        </StopArea>
        <StopArea>
            <objectId>toutenbus:StopArea:CARR_PONSON_2</objectId>
            <objectVersion>5</objectVersion>
            <creationTime>2017-06-20T13:06:33</creationTime>
            <creatorId>chouette</creatorId>
            <name>Carrefour Ponson</name>
            <contains>toutenbus:StopPoint:1411</contains>
            <centroidOfArea>toutenbus:AreaCentroid:CARR_PONSON_2</centroidOfArea>
            <StopAreaExtension>
                <areaType>BoardingPosition</areaType>
                <fareCode>0</fareCode>
                <registration>
                    <registrationNumber>2</registrationNumber>
                </registration>
                <mobilityRestrictedSuitability>true</mobilityRestrictedSuitability>
                <stairsAvailability>false</stairsAvailability>
                <liftAvailability>false</liftAvailability>
            </StopAreaExtension>
        </StopArea>
        <StopArea>
            <objectId>teb_:StopArea:IMPOTS_2</objectId>
            <objectVersion>5</objectVersion>
            <creationTime>2016-08-24T21:41:09</creationTime>
            <creatorId>chouette</creatorId>
            <name>Impôts - Piscine Intercommunale</name>
            <contains>toutenbus:StopPoint:1409</contains>
            <centroidOfArea>teb_:AreaCentroid:IMPOTS_2</centroidOfArea>
            <StopAreaExtension>
                <areaType>BoardingPosition</areaType>
                <fareCode>0</fareCode>
                <registration>
                    <registrationNumber>2</registrationNumber>
                </registration>
                <mobilityRestrictedSuitability>false</mobilityRestrictedSuitability>
                <stairsAvailability>false</stairsAvailability>
                <liftAvailability>false</liftAvailability>
            </StopAreaExtension>
        </StopArea>
        <StopArea>
            <objectId>toutenbus:StopArea:CARR_PONSON_1</objectId>
            <objectVersion>5</objectVersion>
            <creationTime>2017-06-20T13:06:39</creationTime>
            <creatorId>chouette</creatorId>
            <name>Carrefour Ponson</name>
            <centroidOfArea>toutenbus:AreaCentroid:CARR_PONSON_1</centroidOfArea>
            <StopAreaExtension>
                <areaType>BoardingPosition</areaType>
                <fareCode>0</fareCode>
                <registration>
                    <registrationNumber>1</registrationNumber>
                </registration>
                <mobilityRestrictedSuitability>false</mobilityRestrictedSuitability>
                <stairsAvailability>false</stairsAvailability>
                <liftAvailability>false</liftAvailability>
            </StopAreaExtension>
        </StopArea>
        <StopArea>
            <objectId>teb_:StopArea:CROIX_OLLIER</objectId>
            <objectVersion>5</objectVersion>
            <creationTime>2016-08-24T21:34:26</creationTime>
            <creatorId>chouette</creatorId>
            <name>Crt Croix D'Ollier</name>
            <contains>toutenbus:StopPoint:1402</contains>
            <centroidOfArea>teb_:AreaCentroid:CROIX_OLLIER</centroidOfArea>
            <StopAreaExtension>
                <areaType>BoardingPosition</areaType>
                <fareCode>0</fareCode>
                <mobilityRestrictedSuitability>false</mobilityRestrictedSuitability>
                <stairsAvailability>false</stairsAvailability>
                <liftAvailability>false</liftAvailability>
            </StopAreaExtension>
        </StopArea>
        <StopArea>
            <objectId>toutenbus:StopArea:22_RTE_MONTELIMAR</objectId>
            <objectVersion>1</objectVersion>
            <creationTime>2018-07-14T15:46:32</creationTime>
            <creatorId>chouette</creatorId>
            <name>22 route de Montélimar</name>
            <contains>toutenbus:StopPoint:1410</contains>
            <centroidOfArea>toutenbus:AreaCentroid:22_RTE_MONTELIMAR</centroidOfArea>
            <StopAreaExtension>
                <areaType>BoardingPosition</areaType>
            </StopAreaExtension>
        </StopArea>
        <StopArea>
            <objectId>teb_:StopArea:RP_ECOLES</objectId>
            <objectVersion>1</objectVersion>
            <creationTime>2016-09-20T22:35:36</creationTime>
            <creatorId>chouette</creatorId>
            <name>Rond-Point Des Ecoles</name>
            <contains>toutenbus:StopPoint:1414</contains>
            <contains>toutenbus:StopPoint:1405</contains>
            <contains>toutenbus:StopPoint:1407</contains>
            <centroidOfArea>teb_:AreaCentroid:RP_ECOLES</centroidOfArea>
            <StopAreaExtension>
                <areaType>BoardingPosition</areaType>
                <fareCode>0</fareCode>
                <mobilityRestrictedSuitability>false</mobilityRestrictedSuitability>
                <stairsAvailability>false</stairsAvailability>
                <liftAvailability>false</liftAvailability>
            </StopAreaExtension>
        </StopArea>
        <StopArea>
            <objectId>toutenbus:StopArea:BERNARDY_1</objectId>
            <objectVersion>5</objectVersion>
            <creationTime>2017-06-11T11:16:45</creationTime>
            <creatorId>chouette</creatorId>
            <name>Bernardy</name>
            <contains>toutenbus:StopPoint:1401</contains>
            <centroidOfArea>toutenbus:AreaCentroid:BERNARDY_1</centroidOfArea>
            <StopAreaExtension>
                <areaType>BoardingPosition</areaType>
                <fareCode>0</fareCode>
                <registration>
                    <registrationNumber>1</registrationNumber>
                </registration>
                <mobilityRestrictedSuitability>false</mobilityRestrictedSuitability>
                <stairsAvailability>false</stairsAvailability>
                <liftAvailability>false</liftAvailability>
            </StopAreaExtension>
        </StopArea>
        <AreaCentroid>
            <objectId>teb_:AreaCentroid:PLACE_PAIX</objectId>
            <objectVersion>1</objectVersion>
            <creationTime>2016-09-20T22:35:36</creationTime>
            <creatorId>chouette</creatorId>
            <longitude>4.3893709182739260</longitude>
            <latitude>44.6180381774902340</latitude>
            <longLatType>WGS84</longLatType>
            <address>
                <countryCode>07019</countryCode>
            </address>
            <projectedPoint>
                <X>810222.35600440553389489650726318359375</X>
                <Y>6391963.60206977464258670806884765625</Y>
                <projectionType>EPSG:2154</projectionType>
            </projectedPoint>
            <containedIn>teb_:StopArea:PLACE_PAIX</containedIn>
            <name>Place De La Paix</name>
        </AreaCentroid>

        <AreaCentroid>
            <objectId>teb_:AreaCentroid:VERNON_1</objectId>
            <objectVersion>5</objectVersion>
            <creationTime>2016-09-01T10:01:34</creationTime>
            <creatorId>chouette</creatorId>
            <longitude>4.3672060966491700</longitude>
            <latitude>44.6642951965332000</latitude>
            <longLatType>WGS84</longLatType>
            <address>
                <countryCode>07331</countryCode>
            </address>
            <projectedPoint>
                <X>808375.18042990635149180889129638671875</X>
                <Y>6397070.28221525251865386962890625</Y>
                <projectionType>EPSG:2154</projectionType>
            </projectedPoint>
            <containedIn>teb_:StopArea:VERNON_1</containedIn>
            <name>Vals Vernon</name>
        </AreaCentroid>
         <AreaCentroid>
            <objectId>teb_:AreaCentroid:PLACE_AIRETTE_OT</objectId>
            <objectVersion>5</objectVersion>
            <creationTime>2017-08-16T08:08:06</creationTime>
            <creatorId>chouette</creatorId>
            <longitude>4.3921804428100590</longitude>
            <latitude>44.6206550598144500</latitude>
            <longLatType>WGS84</longLatType>
            <address>
                <countryCode>07019</countryCode>
            </address>
            <projectedPoint>
                <X>810440.095011653029359877109527587890625</X>
                <Y>6392258.163467138074338436126708984375</Y>
                <projectionType>EPSG:2154</projectionType>
            </projectedPoint>
            <containedIn>teb_:StopArea:PLACE_AIRETTE_OT</containedIn>
            <name>Place De l'Airette - Office De Tourisme</name>
        </AreaCentroid>
        <AreaCentroid>
            <objectId>teb_:AreaCentroid:VALS_DE_GAULLE</objectId>
            <objectVersion>3</objectVersion>
            <creationTime>2016-09-01T10:00:51</creationTime>
            <creatorId>chouette</creatorId>
            <longitude>4.3669981956481930</longitude>
            <latitude>44.6600570678710940</latitude>
            <longLatType>WGS84</longLatType>
            <address>
                <countryCode>07331</countryCode>
            </address>
            <projectedPoint>
                <X>808366.85164076951332390308380126953125</X>
                <Y>6396599.30783234536647796630859375</Y>
                <projectionType>EPSG:2154</projectionType>
            </projectedPoint>
            <containedIn>teb_:StopArea:VALS_DE_GAULLE</containedIn>
            <name>Vals Place Général De Gaulle</name>
        </AreaCentroid>
        <AreaCentroid>
            <objectId>teb_:AreaCentroid:VALS_LABORATOIRE</objectId>
            <objectVersion>3</objectVersion>
            <creationTime>2016-09-01T10:00:20</creationTime>
            <creatorId>chouette</creatorId>
            <longitude>4.3654088973999020</longitude>
            <latitude>44.6559715270996100</latitude>
            <longLatType>WGS84</longLatType>
            <address>
                <countryCode>07331</countryCode>
            </address>
            <projectedPoint>
                <X>808248.72168686776421964168548583984375</X>
                <Y>6396143.38453580625355243682861328125</Y>
                <projectionType>EPSG:2154</projectionType>
            </projectedPoint>
            <containedIn>teb_:StopArea:VALS_LABORATOIRE</containedIn>
            <name>Vals Laboratoire</name>
        </AreaCentroid>

        <AreaCentroid>
            <objectId>teb_:AreaCentroid:407</objectId>
            <objectVersion>6</objectVersion>
            <creationTime>2016-09-01T10:00:33</creationTime>
            <creatorId>chouette</creatorId>
            <longitude>4.3682880401608250</longitude>
            <latitude>44.6803006401962600</latitude>
            <longLatType>WGS84</longLatType>
            <address>
                <countryCode>07331</countryCode>
            </address>
            <projectedPoint>
                <X>808430.129588229930959641933441162109375</X>
                <Y>6398849.334461010061204433441162109375</Y>
                <projectionType>EPSG:2154</projectionType>
            </projectedPoint>
            <containedIn>teb_:StopArea:407</containedIn>
            <name>Vals La Treuillère</name>
        </AreaCentroid>
        <AreaCentroid>
            <objectId>teb_:AreaCentroid:PT_VALS_1</objectId>
            <objectVersion>5</objectVersion>
            <creationTime>2016-09-01T10:01:20</creationTime>
            <creatorId>chouette</creatorId>
            <longitude>4.3653416633605960</longitude>
            <latitude>44.6531600952148440</latitude>
            <longLatType>WGS84</longLatType>
            <address>
                <countryCode>07331</countryCode>
            </address>
            <projectedPoint>
                <X>808248.791439126129262149333953857421875</X>
                <Y>6395831.0520723126828670501708984375</Y>
                <projectionType>EPSG:2154</projectionType>
            </projectedPoint>
            <containedIn>teb_:StopArea:PT_VALS_1</containedIn>
            <name>Vals Pont De Vals</name>
        </AreaCentroid>

        <AreaCentroid>
            <objectId>teb_:AreaCentroid:PLACE_AIRETTE</objectId>
            <objectVersion>1</objectVersion>
            <creationTime>2016-09-20T22:35:36</creationTime>
            <creatorId>chouette</creatorId>
            <longitude>4.3924875259399410</longitude>
            <latitude>44.6207237243652340</latitude>
            <longLatType>WGS84</longLatType>
            <address>
                <countryCode>07019</countryCode>
            </address>
            <projectedPoint>
                <X>810464.31854588049463927745819091796875</X>
                <Y>6392266.2190175466239452362060546875</Y>
                <projectionType>EPSG:2154</projectionType>
            </projectedPoint>
            <containedIn>teb_:StopArea:PLACE_AIRETTE</containedIn>
            <name>Place De l'Airette</name>
        </AreaCentroid>
        <AreaCentroid>
            <objectId>teb_:AreaCentroid:VALS_COLLEGE_1</objectId>
            <objectVersion>6</objectVersion>
            <creationTime>2016-09-01T09:58:46</creationTime>
            <creatorId>chouette</creatorId>
            <longitude>4.3651037216186520</longitude>
            <latitude>44.6689071655273440</latitude>
            <longLatType>WGS84</longLatType>
            <address>
                <countryCode>07331</countryCode>
            </address>
            <projectedPoint>
                <X>808199.69084296911023557186126708984375</X>
                <Y>6397579.606290490366518497467041015625</Y>
                <projectionType>EPSG:2154</projectionType>
            </projectedPoint>
            <containedIn>teb_:StopArea:VALS_COLLEGE_1</containedIn>
            <name>Vals Collège Stade</name>
        </AreaCentroid>


        <AreaCentroid>
            <objectId>teb_:AreaCentroid:GALLIMARD_1</objectId>
            <objectVersion>3</objectVersion>
            <creationTime>2016-09-01T09:59:03</creationTime>
            <creatorId>chouette</creatorId>
            <longitude>4.3658828735351560</longitude>
            <latitude>44.6656303405761700</latitude>
            <longLatType>WGS84</longLatType>
            <address>
                <countryCode>07331</countryCode>
            </address>
            <projectedPoint>
                <X>808267.736927596502937376499176025390625</X>
                <Y>6397216.748746533878147602081298828125</Y>
                <projectionType>EPSG:2154</projectionType>
            </projectedPoint>
            <containedIn>teb_:StopArea:GALLIMARD_1</containedIn>
            <name>Vals Gallimard</name>
        </AreaCentroid>
        <AreaCentroid>
            <objectId>teb_:AreaCentroid:GENDARMERIE_2</objectId>
            <objectVersion>1</objectVersion>
            <creationTime>2016-09-20T22:35:36</creationTime>
            <creatorId>chouette</creatorId>
            <longitude>4.4046902656555180</longitude>
            <latitude>44.6152191162109400</latitude>
            <longLatType>WGS84</longLatType>
            <address>
                <countryCode>07019</countryCode>
            </address>
            <projectedPoint>
                <X>811443.121835746802389621734619140625</X>
                <Y>6391672.014484030194580554962158203125</Y>
                <projectionType>EPSG:2154</projectionType>
            </projectedPoint>
            <containedIn>teb_:StopArea:GENDARMERIE_2</containedIn>
            <name>Gendarmerie</name>
        </AreaCentroid>
        <AreaCentroid>
            <objectId>teb_:AreaCentroid:ANCIENNE_GARE_1</objectId>
            <objectVersion>3</objectVersion>
            <creationTime>2016-09-01T09:27:35</creationTime>
            <creatorId>chouette</creatorId>
            <longitude>4.3690900802612305</longitude>
            <latitude>44.6437339782714840</latitude>
            <longLatType>WGS84</longLatType>
            <address>
                <countryCode>07116</countryCode>
            </address>
            <projectedPoint>
                <X>808564.10161113482899963855743408203125</X>
                <Y>6394789.322701513767242431640625</Y>
                <projectionType>EPSG:2154</projectionType>
            </projectedPoint>
            <containedIn>teb_:StopArea:ANCIENNE_GARE_1</containedIn>
            <name>Labégude Ancienne Gare</name>
        </AreaCentroid>
        <AreaCentroid>
            <objectId>teb_:AreaCentroid:LABLACHERE_1</objectId>
            <objectVersion>3</objectVersion>
            <creationTime>2016-09-01T09:28:09</creationTime>
            <creatorId>chouette</creatorId>
            <longitude>4.3695044517517090</longitude>
            <latitude>44.6412315368652340</latitude>
            <longLatType>WGS84</longLatType>
            <address>
                <countryCode>07116</countryCode>
            </address>
            <projectedPoint>
                <X>808601.777275321073830127716064453125</X>
                <Y>6394511.967948338948190212249755859375</Y>
                <projectionType>EPSG:2154</projectionType>
            </projectedPoint>
            <containedIn>teb_:StopArea:LABLACHERE_1</containedIn>
            <name>Labégude Lablachère</name>
        </AreaCentroid>

        <AreaCentroid>
            <objectId>teb_:AreaCentroid:STADE_ROQUA</objectId>
            <objectVersion>5</objectVersion>
            <creationTime>2016-08-24T21:56:11</creationTime>
            <creatorId>chouette</creatorId>
            <longitude>4.3873205184936520</longitude>
            <latitude>44.6276664733886700</latitude>
            <longLatType>WGS84</longLatType>
            <address>
                <countryCode>07019</countryCode>
            </address>
            <projectedPoint>
                <X>810040.91980238701216876506805419921875</X>
                <Y>6393030.077645905315876007080078125</Y>
                <projectionType>EPSG:2154</projectionType>
            </projectedPoint>
            <containedIn>teb_:StopArea:STADE_ROQUA</containedIn>
            <name>Stade Roqua</name>
        </AreaCentroid>
        <AreaCentroid>
            <objectId>teb_:AreaCentroid:MONTEE_DOME_1</objectId>
            <objectVersion>5</objectVersion>
            <creationTime>2016-08-24T21:45:49</creationTime>
            <creatorId>chouette</creatorId>
            <longitude>4.3879947662353520</longitude>
            <latitude>44.6218986511230500</latitude>
            <longLatType>WGS84</longLatType>
            <address>
                <countryCode>07019</countryCode>
            </address>
            <projectedPoint>
                <X>810105.65625737723894417285919189453125</X>
                <Y>6392390.43352629803121089935302734375</Y>
                <projectionType>EPSG:2154</projectionType>
            </projectedPoint>
            <containedIn>teb_:StopArea:MONTEE_DOME_1</containedIn>
            <name>Montée Du Dôme</name>
        </AreaCentroid>
        <AreaCentroid>
            <objectId>teb_:AreaCentroid:LAUTARET_1</objectId>
            <objectVersion>3</objectVersion>
            <creationTime>2016-09-01T09:28:26</creationTime>
            <creatorId>chouette</creatorId>
            <longitude>4.3731160163879395</longitude>
            <latitude>44.6380653381347660</latitude>
            <longLatType>WGS84</longLatType>
            <address>
                <countryCode>07116</countryCode>
            </address>
            <projectedPoint>
                <X>808894.261210645199753344058990478515625</X>
                <Y>6394165.299248387105762958526611328125</Y>
                <projectionType>EPSG:2154</projectionType>
            </projectedPoint>
            <containedIn>teb_:StopArea:LAUTARET_1</containedIn>
            <name>Labégude Lautaret</name>
        </AreaCentroid>
        <AreaCentroid>
            <objectId>teb_:AreaCentroid:LABEGUDE_PLACE_1</objectId>
            <objectVersion>3</objectVersion>
            <creationTime>2016-09-01T09:29:18</creationTime>
            <creatorId>chouette</creatorId>
            <longitude>4.3670420646667480</longitude>
            <latitude>44.6485214233398440</latitude>
            <longLatType>WGS84</longLatType>
            <address>
                <countryCode>07116</countryCode>
            </address>
            <projectedPoint>
                <X>808392.5113049424253404140472412109375</X>
                <Y>6395318.208740687929093837738037109375</Y>
                <projectionType>EPSG:2154</projectionType>
            </projectedPoint>
            <containedIn>teb_:StopArea:LABEGUDE_PLACE_1</containedIn>
            <name>Labégude Place</name>
        </AreaCentroid>
        <AreaCentroid>
            <objectId>teb_:AreaCentroid:GARE_ROUTIERE</objectId>
            <objectVersion>1</objectVersion>
            <creationTime>2016-09-20T22:35:36</creationTime>
            <creatorId>chouette</creatorId>
            <longitude>4.4071364402771000</longitude>
            <latitude>44.6109733581543000</latitude>
            <longLatType>WGS84</longLatType>
            <address>
                <countryCode>07019</countryCode>
            </address>
            <projectedPoint>
                <X>811645.57599364058114588260650634765625</X>
                <Y>6391203.928769120015203952789306640625</Y>
                <projectionType>EPSG:2154</projectionType>
            </projectedPoint>
            <containedIn>teb_:StopArea:GARE_ROUTIERE</containedIn>
            <name>Gare Routière</name>
        </AreaCentroid>
        <AreaCentroid>
            <objectId>teb_:AreaCentroid:VALS_PTOCRE_1</objectId>
            <objectVersion>3</objectVersion>
            <creationTime>2017-06-21T19:22:10</creationTime>
            <creatorId>chouette</creatorId>
            <longitude>4.3661392224863680</longitude>
            <latitude>44.6776854367370800</latitude>
            <longLatType>WGS84</longLatType>
            <address>
                <countryCode>07331</countryCode>
            </address>
            <projectedPoint>
                <X>808264.888822285574860870838165283203125</X>
                <Y>6398555.941801167093217372894287109375</Y>
                <projectionType>EPSG:2154</projectionType>
            </projectedPoint>
            <containedIn>teb_:StopArea:VALS_PTOCRE_1</containedIn>
            <name>Vals Pont de l'Ocre</name>
        </AreaCentroid>
        <AreaCentroid>
            <objectId>teb_:AreaCentroid:IMPOTS_2</objectId>
            <objectVersion>5</objectVersion>
            <creationTime>2016-08-24T21:41:09</creationTime>
            <creatorId>chouette</creatorId>
            <longitude>4.3886508941650390</longitude>
            <latitude>44.6251907348632800</latitude>
            <longLatType>WGS84</longLatType>
            <address>
                <countryCode>07019</countryCode>
            </address>
            <projectedPoint>
                <X>810151.269032619893550872802734375</X>
                <Y>6392756.9730895198881626129150390625</Y>
                <projectionType>EPSG:2154</projectionType>
            </projectedPoint>
            <containedIn>teb_:StopArea:IMPOTS_2</containedIn>
            <name>Impôts - Piscine Intercommunale</name>
        </AreaCentroid>
        <AreaCentroid>
            <objectId>teb_:AreaCentroid:CROIX_OLLIER</objectId>
            <objectVersion>5</objectVersion>
            <creationTime>2016-08-24T21:34:26</creationTime>
            <creatorId>chouette</creatorId>
            <longitude>4.3823590278625490</longitude>
            <latitude>44.6249198913574200</latitude>
            <longLatType>WGS84</longLatType>
            <address>
                <countryCode>07019</countryCode>
            </address>
            <projectedPoint>
                <X>809652.76018970669247210025787353515625</X>
                <Y>6392718.135561075992882251739501953125</Y>
                <projectionType>EPSG:2154</projectionType>
            </projectedPoint>
            <containedIn>teb_:StopArea:CROIX_OLLIER</containedIn>
            <name>Crt Croix D'Ollier</name>
        </AreaCentroid><AreaCentroid>
            <objectId>teb_:AreaCentroid:RP_ECOLES</objectId>
            <objectVersion>1</objectVersion>
            <creationTime>2016-09-20T22:35:36</creationTime>
            <creatorId>chouette</creatorId>
            <longitude>4.3939676284790040</longitude>
            <latitude>44.6183128356933600</latitude>
            <longLatType>WGS84</longLatType>
            <address>
                <countryCode>07019</countryCode>
            </address>
            <projectedPoint>
                <X>810586.448425231385044753551483154296875</X>
                <Y>6392000.533188777975738048553466796875</Y>
                <projectionType>EPSG:2154</projectionType>
            </projectedPoint>
            <containedIn>teb_:StopArea:RP_ECOLES</containedIn>
            <name>Rond-Point Des Ecoles</name>
        </AreaCentroid>
    </ChouetteArea>
    <Timetable>
        <objectId>toutenbus:Timetable:1819-11</objectId>
        <objectVersion>7</objectVersion>
        <creationTime>2018-07-16T11:04:04</creationTime>
        <creatorId>chouette</creatorId>
        <version>2018-19-LMMeJVS-Vac</version>
        <calendarDay>2018-10-22</calendarDay>
        <calendarDay>2018-10-23</calendarDay>
        <calendarDay>2018-10-24</calendarDay>
        <calendarDay>2018-10-25</calendarDay>
        <calendarDay>2018-10-26</calendarDay>
        <calendarDay>2018-10-27</calendarDay>
        <calendarDay>2018-10-29</calendarDay>
        <calendarDay>2018-10-30</calendarDay>
        <calendarDay>2018-10-31</calendarDay>
        <calendarDay>2018-11-02</calendarDay>
        <calendarDay>2018-11-03</calendarDay>
        <calendarDay>2018-12-24</calendarDay>
        <calendarDay>2018-12-26</calendarDay>
        <calendarDay>2018-12-27</calendarDay>
        <calendarDay>2018-12-28</calendarDay>
        <calendarDay>2018-12-29</calendarDay>
        <calendarDay>2018-12-31</calendarDay>
        <calendarDay>2019-01-02</calendarDay>
        <calendarDay>2019-01-03</calendarDay>
        <calendarDay>2019-01-04</calendarDay>
        <calendarDay>2019-01-05</calendarDay>
        <calendarDay>2019-02-18</calendarDay>
        <calendarDay>2019-02-19</calendarDay>
        <calendarDay>2019-02-20</calendarDay>
        <calendarDay>2019-02-21</calendarDay>
        <calendarDay>2019-02-22</calendarDay>
        <calendarDay>2019-02-23</calendarDay>
        <calendarDay>2019-02-25</calendarDay>
        <calendarDay>2019-02-26</calendarDay>
        <calendarDay>2019-02-27</calendarDay>
        <calendarDay>2019-02-28</calendarDay>
        <calendarDay>2019-03-01</calendarDay>
        <calendarDay>2019-03-02</calendarDay>
        <calendarDay>2019-04-15</calendarDay>
        <calendarDay>2019-04-16</calendarDay>
        <calendarDay>2019-04-17</calendarDay>
        <calendarDay>2019-04-18</calendarDay>
        <calendarDay>2019-04-19</calendarDay>
        <calendarDay>2019-04-20</calendarDay>
        <calendarDay>2019-04-22</calendarDay>
        <calendarDay>2019-04-23</calendarDay>
        <calendarDay>2019-04-24</calendarDay>
        <calendarDay>2019-04-25</calendarDay>
        <calendarDay>2019-04-26</calendarDay>
        <calendarDay>2019-04-27</calendarDay>
        <calendarDay>2019-05-31</calendarDay>
        <calendarDay>2019-06-01</calendarDay>
        <calendarDay>2019-07-08</calendarDay>
        <calendarDay>2019-07-09</calendarDay>
        <calendarDay>2019-07-10</calendarDay>
        <calendarDay>2019-07-11</calendarDay>
        <calendarDay>2019-07-12</calendarDay>
        <calendarDay>2019-07-13</calendarDay>
        <calendarDay>2019-07-15</calendarDay>
        <calendarDay>2019-07-16</calendarDay>
        <calendarDay>2019-07-17</calendarDay>
        <calendarDay>2019-07-18</calendarDay>
        <calendarDay>2019-07-19</calendarDay>
        <calendarDay>2019-07-20</calendarDay>
        <calendarDay>2019-07-22</calendarDay>
        <calendarDay>2019-07-23</calendarDay>
        <calendarDay>2019-07-24</calendarDay>
        <calendarDay>2019-07-25</calendarDay>
        <calendarDay>2019-07-26</calendarDay>
        <calendarDay>2019-07-27</calendarDay>
        <calendarDay>2019-07-29</calendarDay>
        <calendarDay>2019-07-30</calendarDay>
        <calendarDay>2019-07-31</calendarDay>
        <calendarDay>2019-08-01</calendarDay>
        <calendarDay>2019-08-02</calendarDay>
        <calendarDay>2019-08-03</calendarDay>
        <calendarDay>2019-08-05</calendarDay>
        <calendarDay>2019-08-06</calendarDay>
        <calendarDay>2019-08-07</calendarDay>
        <calendarDay>2019-08-08</calendarDay>
        <calendarDay>2019-08-09</calendarDay>
        <calendarDay>2019-08-10</calendarDay>
        <calendarDay>2019-08-12</calendarDay>
        <calendarDay>2019-08-13</calendarDay>
        <calendarDay>2019-08-14</calendarDay>
        <calendarDay>2019-08-16</calendarDay>
        <calendarDay>2019-08-17</calendarDay>
        <calendarDay>2019-08-19</calendarDay>
        <calendarDay>2019-08-20</calendarDay>
        <calendarDay>2019-08-21</calendarDay>
        <calendarDay>2019-08-22</calendarDay>
        <calendarDay>2019-08-23</calendarDay>
        <calendarDay>2019-08-24</calendarDay>
        <dayType>Monday</dayType>
        <dayType>Tuesday</dayType>
        <dayType>Wednesday</dayType>
        <dayType>Thursday</dayType>
        <dayType>Friday</dayType>
        <dayType>Saturday</dayType>
        <vehicleJourneyId>toutenbus:VehicleJourney:766</vehicleJourneyId>
        <vehicleJourneyId>toutenbus:VehicleJourney:767</vehicleJourneyId>
        <comment>2018-19 / LMMeJVS Vacances Scolaires</comment>
    </Timetable>
    <Timetable>
      <objectId>AIX_EN_BUS:Timetable:ETE_1431</objectId>
      <period>
        <startOfPeriod>2014-07-07</startOfPeriod>
        <endOfPeriod>2014-08-31</endOfPeriod>
      </period>
      <dayType>Friday</dayType>
      <dayType>Thursday</dayType>
      <dayType>Wednesday</dayType>
      <dayType>Tuesday</dayType>
      <dayType>Monday</dayType>
      <vehicleJourneyId>AIX_EN_BUS:VehicleJourney:4299104</vehicleJourneyId>
      <vehicleJourneyId>AIX_EN_BUS:VehicleJourney:4299107</vehicleJourneyId>
      <vehicleJourneyId>AIX_EN_BUS:VehicleJourney:4299117</vehicleJourneyId>
      <vehicleJourneyId>AIX_EN_BUS:VehicleJourney:4299124</vehicleJourneyId>
      <vehicleJourneyId>AIX_EN_BUS:VehicleJourney:4299125</vehicleJourneyId>
      <vehicleJourneyId>AIX_EN_BUS:VehicleJourney:4299126</vehicleJourneyId>
      <vehicleJourneyId>AIX_EN_BUS:VehicleJourney:4299127</vehicleJourneyId>
      <vehicleJourneyId>AIX_EN_BUS:VehicleJourney:4299128</vehicleJourneyId>
      <vehicleJourneyId>AIX_EN_BUS:VehicleJourney:4299129</vehicleJourneyId>
      <vehicleJourneyId>AIX_EN_BUS:VehicleJourney:4299130</vehicleJourneyId>
      <vehicleJourneyId>AIX_EN_BUS:VehicleJourney:4299131</vehicleJourneyId>
      <vehicleJourneyId>AIX_EN_BUS:VehicleJourney:4299132</vehicleJourneyId>
      <vehicleJourneyId>AIX_EN_BUS:VehicleJourney:4299133</vehicleJourneyId>
      <vehicleJourneyId>AIX_EN_BUS:VehicleJourney:4299134</vehicleJourneyId>
      <vehicleJourneyId>AIX_EN_BUS:VehicleJourney:4299135</vehicleJourneyId>
      <vehicleJourneyId>AIX_EN_BUS:VehicleJourney:4299136</vehicleJourneyId>
      <vehicleJourneyId>AIX_EN_BUS:VehicleJourney:4299137</vehicleJourneyId>
      <vehicleJourneyId>AIX_EN_BUS:VehicleJourney:4299138</vehicleJourneyId>
      <vehicleJourneyId>AIX_EN_BUS:VehicleJourney:4299139</vehicleJourneyId>
      <vehicleJourneyId>AIX_EN_BUS:VehicleJourney:4299140</vehicleJourneyId>
      <vehicleJourneyId>AIX_EN_BUS:VehicleJourney:4299141</vehicleJourneyId>
      <vehicleJourneyId>AIX_EN_BUS:VehicleJourney:4299142</vehicleJourneyId>
      <vehicleJourneyId>AIX_EN_BUS:VehicleJourney:4299143</vehicleJourneyId>
      <vehicleJourneyId>AIX_EN_BUS:VehicleJourney:4299144</vehicleJourneyId>
      <vehicleJourneyId>AIX_EN_BUS:VehicleJourney:4299145</vehicleJourneyId>
      <vehicleJourneyId>AIX_EN_BUS:VehicleJourney:4299149</vehicleJourneyId>
      <vehicleJourneyId>AIX_EN_BUS:VehicleJourney:4299150</vehicleJourneyId>
      <vehicleJourneyId>AIX_EN_BUS:VehicleJourney:4299153</vehicleJourneyId>
      <vehicleJourneyId>AIX_EN_BUS:VehicleJourney:4299154</vehicleJourneyId>
      <vehicleJourneyId>AIX_EN_BUS:VehicleJourney:4299155</vehicleJourneyId>
      <vehicleJourneyId>AIX_EN_BUS:VehicleJourney:4299156</vehicleJourneyId>
      <vehicleJourneyId>AIX_EN_BUS:VehicleJourney:4299161</vehicleJourneyId>
      <comment>Réseau Eté 2014</comment>
    </Timetable>
    <ChouetteLineDescription>
        <Line>
            <objectId>toutenbus:Line:3</objectId>
            <objectVersion>12</objectVersion>
            <creationTime>2018-07-16T10:15:58</creationTime>
            <creatorId>chouette</creatorId>
            <name>Vals-les-Bains - Aubenas</name>
            <number>3</number>
            <publishedName>Vals-les-Bains - Aubenas</publishedName>
            <transportModeName>Bus</transportModeName>
            <routeId>toutenbus:Route:112</routeId>
            <routeId>toutenbus:Route:113</routeId>
            <registration>
                <registrationNumber>3</registrationNumber>
            </registration>
            <ptNetworkIdShortcut>toutenbus:PTNetwork:1</ptNetworkIdShortcut>
        </Line>
        <ChouetteRoute>
            <objectId>toutenbus:Route:112</objectId>
            <objectVersion>4</objectVersion>
            <creationTime>2018-10-25T16:39:56</creationTime>
            <creatorId>chouette</creatorId>
            <name>2018-19 / Aller</name>
            <publishedName>Vals - Aubenas</publishedName>
            <direction>A</direction>
            <ptLinkId>toutenbus:PtLink:1389A1390</ptLinkId>
            <ptLinkId>toutenbus:PtLink:1390A1391</ptLinkId>
            <ptLinkId>toutenbus:PtLink:1391A1392</ptLinkId>
            <ptLinkId>toutenbus:PtLink:1392A1393</ptLinkId>
            <ptLinkId>toutenbus:PtLink:1393A1394</ptLinkId>
            <ptLinkId>toutenbus:PtLink:1394A1395</ptLinkId>
            <ptLinkId>toutenbus:PtLink:1395A1396</ptLinkId>
            <ptLinkId>toutenbus:PtLink:1396A1397</ptLinkId>
            <ptLinkId>toutenbus:PtLink:1397A1398</ptLinkId>
            <ptLinkId>toutenbus:PtLink:1398A1399</ptLinkId>
            <ptLinkId>toutenbus:PtLink:1399A1400</ptLinkId>
            <ptLinkId>toutenbus:PtLink:1400A1401</ptLinkId>
            <ptLinkId>toutenbus:PtLink:1401A1402</ptLinkId>
            <ptLinkId>toutenbus:PtLink:1402A1403</ptLinkId>
            <ptLinkId>toutenbus:PtLink:1403A1404</ptLinkId>
            <ptLinkId>toutenbus:PtLink:1404A1405</ptLinkId>
            <ptLinkId>toutenbus:PtLink:1405A1406</ptLinkId>
            <ptLinkId>toutenbus:PtLink:1406A1407</ptLinkId>
            <ptLinkId>toutenbus:PtLink:1407A1408</ptLinkId>
            <ptLinkId>toutenbus:PtLink:1408A1409</ptLinkId>
            <ptLinkId>toutenbus:PtLink:1409A1410</ptLinkId>
            <ptLinkId>toutenbus:PtLink:1410A1411</ptLinkId>
            <ptLinkId>toutenbus:PtLink:1411A1412</ptLinkId>
            <ptLinkId>toutenbus:PtLink:1412A1413</ptLinkId>
            <ptLinkId>toutenbus:PtLink:1413A1414</ptLinkId>
            <ptLinkId>toutenbus:PtLink:1414A1415</ptLinkId>
            <journeyPatternId>toutenbus:JourneyPattern:667</journeyPatternId>
            <journeyPatternId>toutenbus:JourneyPattern:668</journeyPatternId>
            <wayBackRouteId>toutenbus:Route:113</wayBackRouteId>
            <RouteExtension>
                <wayBack>A</wayBack>
            </RouteExtension>
        </ChouetteRoute>
        <StopPoint>
            <objectId>toutenbus:StopPoint:1389</objectId>
            <objectVersion>2</objectVersion>
            <creationTime>2018-07-16T10:27:28</creationTime>
            <creatorId>chouette</creatorId>
            <longitude>4.3682880401608250</longitude>
            <latitude>44.6803006401962600</latitude>
            <longLatType>WGS84</longLatType>
            <projectedPoint>
                <X>808430.129588229930959641933441162109375</X>
                <Y>6398849.334461010061204433441162109375</Y>
                <projectionType>EPSG:2154</projectionType>
            </projectedPoint>
            <containedIn>teb_:StopArea:407</containedIn>
            <name>Vals La Treuillère</name>
        </StopPoint>
        <StopPoint>
            <objectId>toutenbus:StopPoint:1390</objectId>
            <objectVersion>2</objectVersion>
            <creationTime>2018-07-16T10:27:28</creationTime>
            <creatorId>chouette</creatorId>
            <longitude>4.3661392224863680</longitude>
            <latitude>44.6776854367370800</latitude>
            <longLatType>WGS84</longLatType>
            <projectedPoint>
                <X>808264.888822285574860870838165283203125</X>
                <Y>6398555.941801167093217372894287109375</Y>
                <projectionType>EPSG:2154</projectionType>
            </projectedPoint>
            <containedIn>teb_:StopArea:VALS_PTOCRE_1</containedIn>
            <name>Vals Pont de l'Ocre</name>
        </StopPoint>
        <StopPoint>
            <objectId>toutenbus:StopPoint:1391</objectId>
            <objectVersion>2</objectVersion>
            <creationTime>2018-07-16T10:27:28</creationTime>
            <creatorId>chouette</creatorId>
            <longitude>4.3651037216186520</longitude>
            <latitude>44.6689071655273440</latitude>
            <longLatType>WGS84</longLatType>
            <projectedPoint>
                <X>808199.69084296911023557186126708984375</X>
                <Y>6397579.606290490366518497467041015625</Y>
                <projectionType>EPSG:2154</projectionType>
            </projectedPoint>
            <containedIn>teb_:StopArea:VALS_COLLEGE_1</containedIn>
            <name>Vals Collège Stade</name>
        </StopPoint>
        <StopPoint>
            <objectId>toutenbus:StopPoint:1392</objectId>
            <objectVersion>2</objectVersion>
            <creationTime>2018-07-16T10:27:28</creationTime>
            <creatorId>chouette</creatorId>
            <longitude>4.3658828735351560</longitude>
            <latitude>44.6656303405761700</latitude>
            <longLatType>WGS84</longLatType>
            <projectedPoint>
                <X>808267.736927596502937376499176025390625</X>
                <Y>6397216.748746533878147602081298828125</Y>
                <projectionType>EPSG:2154</projectionType>
            </projectedPoint>
            <containedIn>teb_:StopArea:GALLIMARD_1</containedIn>
            <name>Vals Gallimard</name>
        </StopPoint>
        <StopPoint>
            <objectId>toutenbus:StopPoint:1393</objectId>
            <objectVersion>2</objectVersion>
            <creationTime>2018-07-16T10:27:28</creationTime>
            <creatorId>chouette</creatorId>
            <longitude>4.3672060966491700</longitude>
            <latitude>44.6642951965332000</latitude>
            <longLatType>WGS84</longLatType>
            <projectedPoint>
                <X>808375.18042990635149180889129638671875</X>
                <Y>6397070.28221525251865386962890625</Y>
                <projectionType>EPSG:2154</projectionType>
            </projectedPoint>
            <containedIn>teb_:StopArea:VERNON_1</containedIn>
            <name>Vals Vernon</name>
        </StopPoint>
        <StopPoint>
            <objectId>toutenbus:StopPoint:1394</objectId>
            <objectVersion>2</objectVersion>
            <creationTime>2018-07-16T10:27:28</creationTime>
            <creatorId>chouette</creatorId>
            <longitude>4.3669981956481930</longitude>
            <latitude>44.6600570678710940</latitude>
            <longLatType>WGS84</longLatType>
            <projectedPoint>
                <X>808366.85164076951332390308380126953125</X>
                <Y>6396599.30783234536647796630859375</Y>
                <projectionType>EPSG:2154</projectionType>
            </projectedPoint>
            <containedIn>teb_:StopArea:VALS_DE_GAULLE</containedIn>
            <name>Vals Place Général De Gaulle</name>
        </StopPoint>
        <StopPoint>
            <objectId>toutenbus:StopPoint:1395</objectId>
            <objectVersion>2</objectVersion>
            <creationTime>2018-07-16T10:27:28</creationTime>
            <creatorId>chouette</creatorId>
            <longitude>4.3654088973999020</longitude>
            <latitude>44.6559715270996100</latitude>
            <longLatType>WGS84</longLatType>
            <projectedPoint>
                <X>808248.72168686776421964168548583984375</X>
                <Y>6396143.38453580625355243682861328125</Y>
                <projectionType>EPSG:2154</projectionType>
            </projectedPoint>
            <containedIn>teb_:StopArea:VALS_LABORATOIRE</containedIn>
            <name>Vals Laboratoire</name>
        </StopPoint>
        <StopPoint>
            <objectId>toutenbus:StopPoint:1396</objectId>
            <objectVersion>2</objectVersion>
            <creationTime>2018-07-16T10:27:28</creationTime>
            <creatorId>chouette</creatorId>
            <longitude>4.3653416633605960</longitude>
            <latitude>44.6531600952148440</latitude>
            <longLatType>WGS84</longLatType>
            <projectedPoint>
                <X>808248.791439126129262149333953857421875</X>
                <Y>6395831.0520723126828670501708984375</Y>
                <projectionType>EPSG:2154</projectionType>
            </projectedPoint>
            <containedIn>teb_:StopArea:PT_VALS_1</containedIn>
            <name>Vals Pont De Vals</name>
        </StopPoint>
        <StopPoint>
            <objectId>toutenbus:StopPoint:1397</objectId>
            <objectVersion>2</objectVersion>
            <creationTime>2018-07-16T10:27:28</creationTime>
            <creatorId>chouette</creatorId>
            <longitude>4.3670420646667480</longitude>
            <latitude>44.6485214233398440</latitude>
            <longLatType>WGS84</longLatType>
            <projectedPoint>
                <X>808392.5113049424253404140472412109375</X>
                <Y>6395318.208740687929093837738037109375</Y>
                <projectionType>EPSG:2154</projectionType>
            </projectedPoint>
            <containedIn>teb_:StopArea:LABEGUDE_PLACE_1</containedIn>
            <name>Labégude Place</name>
        </StopPoint>
        <StopPoint>
            <objectId>toutenbus:StopPoint:1398</objectId>
            <objectVersion>2</objectVersion>
            <creationTime>2018-07-16T10:27:28</creationTime>
            <creatorId>chouette</creatorId>
            <longitude>4.3690900802612305</longitude>
            <latitude>44.6437339782714840</latitude>
            <longLatType>WGS84</longLatType>
            <projectedPoint>
                <X>808564.10161113482899963855743408203125</X>
                <Y>6394789.322701513767242431640625</Y>
                <projectionType>EPSG:2154</projectionType>
            </projectedPoint>
            <containedIn>teb_:StopArea:ANCIENNE_GARE_1</containedIn>
            <name>Labégude Ancienne Gare</name>
        </StopPoint>
        <StopPoint>
            <objectId>toutenbus:StopPoint:1399</objectId>
            <objectVersion>2</objectVersion>
            <creationTime>2018-07-16T10:27:28</creationTime>
            <creatorId>chouette</creatorId>
            <longitude>4.3695044517517090</longitude>
            <latitude>44.6412315368652340</latitude>
            <longLatType>WGS84</longLatType>
            <projectedPoint>
                <X>808601.777275321073830127716064453125</X>
                <Y>6394511.967948338948190212249755859375</Y>
                <projectionType>EPSG:2154</projectionType>
            </projectedPoint>
            <containedIn>teb_:StopArea:LABLACHERE_1</containedIn>
            <name>Labégude Lablachère</name>
        </StopPoint>
        <StopPoint>
            <objectId>toutenbus:StopPoint:1400</objectId>
            <objectVersion>2</objectVersion>
            <creationTime>2018-07-16T10:27:28</creationTime>
            <creatorId>chouette</creatorId>
            <longitude>4.3731160163879395</longitude>
            <latitude>44.6380653381347660</latitude>
            <longLatType>WGS84</longLatType>
            <projectedPoint>
                <X>808894.261210645199753344058990478515625</X>
                <Y>6394165.299248387105762958526611328125</Y>
                <projectionType>EPSG:2154</projectionType>
            </projectedPoint>
            <containedIn>teb_:StopArea:LAUTARET_1</containedIn>
            <name>Labégude Lautaret</name>
        </StopPoint>
        <StopPoint>
            <objectId>toutenbus:StopPoint:1401</objectId>
            <objectVersion>2</objectVersion>
            <creationTime>2018-07-16T10:27:28</creationTime>
            <creatorId>chouette</creatorId>
            <longitude>4.3810682296752930</longitude>
            <latitude>44.6274032592773440</latitude>
            <longLatType>WGS84</longLatType>
            <projectedPoint>
                <X>809545.55633656377904117107391357421875</X>
                <Y>6392992.15116880834102630615234375</Y>
                <projectionType>EPSG:2154</projectionType>
            </projectedPoint>
            <containedIn>toutenbus:StopArea:BERNARDY_1</containedIn>
            <name>Bernardy</name>
        </StopPoint>
        <StopPoint>
            <objectId>toutenbus:StopPoint:1402</objectId>
            <objectVersion>2</objectVersion>
            <creationTime>2018-07-16T10:27:28</creationTime>
            <creatorId>chouette</creatorId>
            <longitude>4.3823590278625490</longitude>
            <latitude>44.6249198913574200</latitude>
            <longLatType>WGS84</longLatType>
            <projectedPoint>
                <X>809652.76018970669247210025787353515625</X>
                <Y>6392718.135561075992882251739501953125</Y>
                <projectionType>EPSG:2154</projectionType>
            </projectedPoint>
            <containedIn>teb_:StopArea:CROIX_OLLIER</containedIn>
            <name>Crt Croix D'Ollier</name>
        </StopPoint>
        <StopPoint>
            <objectId>toutenbus:StopPoint:1403</objectId>
            <objectVersion>2</objectVersion>
            <creationTime>2018-07-16T10:27:28</creationTime>
            <creatorId>chouette</creatorId>
            <longitude>4.3879947662353520</longitude>
            <latitude>44.6218986511230500</latitude>
            <longLatType>WGS84</longLatType>
            <projectedPoint>
                <X>810105.65625737723894417285919189453125</X>
                <Y>6392390.43352629803121089935302734375</Y>
                <projectionType>EPSG:2154</projectionType>
            </projectedPoint>
            <containedIn>teb_:StopArea:MONTEE_DOME_1</containedIn>
            <name>Montée Du Dôme</name>
        </StopPoint>
        <StopPoint>
            <objectId>toutenbus:StopPoint:1404</objectId>
            <objectVersion>2</objectVersion>
            <creationTime>2018-07-16T10:27:28</creationTime>
            <creatorId>chouette</creatorId>
            <longitude>4.3921804428100590</longitude>
            <latitude>44.6206550598144500</latitude>
            <longLatType>WGS84</longLatType>
            <projectedPoint>
                <X>810440.095011653029359877109527587890625</X>
                <Y>6392258.163467138074338436126708984375</Y>
                <projectionType>EPSG:2154</projectionType>
            </projectedPoint>
            <containedIn>teb_:StopArea:PLACE_AIRETTE_OT</containedIn>
            <name>Place De l'Airette - Office De Tourisme</name>
        </StopPoint>
        <StopPoint>
            <objectId>toutenbus:StopPoint:1405</objectId>
            <objectVersion>2</objectVersion>
            <creationTime>2018-07-16T10:27:28</creationTime>
            <creatorId>chouette</creatorId>
            <longitude>4.3939676284790040</longitude>
            <latitude>44.6183128356933600</latitude>
            <longLatType>WGS84</longLatType>
            <projectedPoint>
                <X>810586.448425231385044753551483154296875</X>
                <Y>6392000.533188777975738048553466796875</Y>
                <projectionType>EPSG:2154</projectionType>
            </projectedPoint>
            <containedIn>teb_:StopArea:RP_ECOLES</containedIn>
            <name>Rond-Point Des Ecoles</name>
        </StopPoint>
        <StopPoint>
            <objectId>toutenbus:StopPoint:1406</objectId>
            <objectVersion>2</objectVersion>
            <creationTime>2018-07-16T10:27:28</creationTime>
            <creatorId>chouette</creatorId>
            <longitude>4.3893709182739260</longitude>
            <latitude>44.6180381774902340</latitude>
            <longLatType>WGS84</longLatType>
            <projectedPoint>
                <X>810222.35600440553389489650726318359375</X>
                <Y>6391963.60206977464258670806884765625</Y>
                <projectionType>EPSG:2154</projectionType>
            </projectedPoint>
            <containedIn>teb_:StopArea:PLACE_PAIX</containedIn>
            <name>Place De La Paix</name>
        </StopPoint>
        <StopPoint>
            <objectId>toutenbus:StopPoint:1407</objectId>
            <objectVersion>2</objectVersion>
            <creationTime>2018-07-16T10:27:28</creationTime>
            <creatorId>chouette</creatorId>
            <longitude>4.3939676284790040</longitude>
            <latitude>44.6183128356933600</latitude>
            <longLatType>WGS84</longLatType>
            <projectedPoint>
                <X>810586.448425231385044753551483154296875</X>
                <Y>6392000.533188777975738048553466796875</Y>
                <projectionType>EPSG:2154</projectionType>
            </projectedPoint>
            <containedIn>teb_:StopArea:RP_ECOLES</containedIn>
            <name>Rond-Point Des Ecoles</name>
        </StopPoint>
        <StopPoint>
            <objectId>toutenbus:StopPoint:1408</objectId>
            <objectVersion>2</objectVersion>
            <creationTime>2018-07-16T10:27:28</creationTime>
            <creatorId>chouette</creatorId>
            <longitude>4.3873205184936520</longitude>
            <latitude>44.6276664733886700</latitude>
            <longLatType>WGS84</longLatType>
            <projectedPoint>
                <X>810040.91980238701216876506805419921875</X>
                <Y>6393030.077645905315876007080078125</Y>
                <projectionType>EPSG:2154</projectionType>
            </projectedPoint>
            <containedIn>teb_:StopArea:STADE_ROQUA</containedIn>
            <name>Stade Roqua</name>
        </StopPoint>
        <StopPoint>
            <objectId>toutenbus:StopPoint:1409</objectId>
            <objectVersion>3</objectVersion>
            <creationTime>2018-10-25T16:39:56</creationTime>
            <creatorId>chouette</creatorId>
            <longitude>4.3886508941650390</longitude>
            <latitude>44.6251907348632800</latitude>
            <longLatType>WGS84</longLatType>
            <projectedPoint>
                <X>810151.269032619893550872802734375</X>
                <Y>6392756.9730895198881626129150390625</Y>
                <projectionType>EPSG:2154</projectionType>
            </projectedPoint>
            <containedIn>teb_:StopArea:IMPOTS_2</containedIn>
            <name>Impôts - Piscine Intercommunale</name>
        </StopPoint>
        <StopPoint>
            <objectId>toutenbus:StopPoint:1410</objectId>
            <objectVersion>2</objectVersion>
            <creationTime>2018-07-16T10:27:28</creationTime>
            <creatorId>chouette</creatorId>
            <longitude>4.3984749312842350</longitude>
            <latitude>44.6150470066587900</latitude>
            <longLatType>WGS84</longLatType>
            <projectedPoint>
                <X>810950.4095900021493434906005859375</X>
                <Y>6391644.147118731401860713958740234375</Y>
                <projectionType>EPSG:2154</projectionType>
            </projectedPoint>
            <containedIn>toutenbus:StopArea:22_RTE_MONTELIMAR</containedIn>
            <name>22 route de Montélimar</name>
        </StopPoint>
        <StopPoint>
            <objectId>toutenbus:StopPoint:1411</objectId>
            <objectVersion>2</objectVersion>
            <creationTime>2018-07-16T10:27:28</creationTime>
            <creatorId>chouette</creatorId>
            <longitude>4.4006857872009280</longitude>
            <latitude>44.6153984069824200</latitude>
            <longLatType>WGS84</longLatType>
            <projectedPoint>
                <X>811125.100896091200411319732666015625</X>
                <Y>6391686.28319630958139896392822265625</Y>
                <projectionType>EPSG:2154</projectionType>
            </projectedPoint>
            <containedIn>toutenbus:StopArea:CARR_PONSON_2</containedIn>
            <name>Carrefour Ponson</name>
        </StopPoint>
        <StopPoint>
            <objectId>toutenbus:StopPoint:1412</objectId>
            <objectVersion>2</objectVersion>
            <creationTime>2018-07-16T10:27:28</creationTime>
            <creatorId>chouette</creatorId>
            <longitude>4.4046902656555180</longitude>
            <latitude>44.6152191162109400</latitude>
            <longLatType>WGS84</longLatType>
            <projectedPoint>
                <X>811443.121835746802389621734619140625</X>
                <Y>6391672.014484030194580554962158203125</Y>
                <projectionType>EPSG:2154</projectionType>
            </projectedPoint>
            <containedIn>teb_:StopArea:GENDARMERIE_2</containedIn>
            <name>Gendarmerie</name>
        </StopPoint>
        <StopPoint>
            <objectId>toutenbus:StopPoint:1413</objectId>
            <objectVersion>2</objectVersion>
            <creationTime>2018-07-16T10:27:28</creationTime>
            <creatorId>chouette</creatorId>
            <longitude>4.4071364402771000</longitude>
            <latitude>44.6109733581543000</latitude>
            <longLatType>WGS84</longLatType>
            <projectedPoint>
                <X>811645.57599364058114588260650634765625</X>
                <Y>6391203.928769120015203952789306640625</Y>
                <projectionType>EPSG:2154</projectionType>
            </projectedPoint>
            <containedIn>teb_:StopArea:GARE_ROUTIERE</containedIn>
            <name>Gare Routière</name>
        </StopPoint>
        <StopPoint>
            <objectId>toutenbus:StopPoint:1414</objectId>
            <objectVersion>2</objectVersion>
            <creationTime>2018-07-16T10:27:28</creationTime>
            <creatorId>chouette</creatorId>
            <longitude>4.3939676284790040</longitude>
            <latitude>44.6183128356933600</latitude>
            <longLatType>WGS84</longLatType>
            <projectedPoint>
                <X>810586.448425231385044753551483154296875</X>
                <Y>6392000.533188777975738048553466796875</Y>
                <projectionType>EPSG:2154</projectionType>
            </projectedPoint>
            <containedIn>teb_:StopArea:RP_ECOLES</containedIn>
            <name>Rond-Point Des Ecoles</name>
        </StopPoint>
        <StopPoint>
            <objectId>toutenbus:StopPoint:1415</objectId>
            <objectVersion>2</objectVersion>
            <creationTime>2018-07-16T10:27:28</creationTime>
            <creatorId>chouette</creatorId>
            <longitude>4.3893709182739260</longitude>
            <latitude>44.6180381774902340</latitude>
            <longLatType>WGS84</longLatType>
            <projectedPoint>
                <X>810222.35600440553389489650726318359375</X>
                <Y>6391963.60206977464258670806884765625</Y>
                <projectionType>EPSG:2154</projectionType>
            </projectedPoint>
            <containedIn>teb_:StopArea:PLACE_PAIX</containedIn>
            <name>Place De La Paix</name>
        </StopPoint>
        <PtLink>
            <objectId>toutenbus:PtLink:1389A1390</objectId>
            <objectVersion>1</objectVersion>
            <creationTime>2018-11-27T12:58:42</creationTime>
            <startOfLink>toutenbus:StopPoint:1389</startOfLink>
            <endOfLink>toutenbus:StopPoint:1390</endOfLink>
        </PtLink>
        <PtLink>
            <objectId>toutenbus:PtLink:1390A1391</objectId>
            <objectVersion>1</objectVersion>
            <creationTime>2018-11-27T12:58:42</creationTime>
            <startOfLink>toutenbus:StopPoint:1390</startOfLink>
            <endOfLink>toutenbus:StopPoint:1391</endOfLink>
        </PtLink>
        <PtLink>
            <objectId>toutenbus:PtLink:1391A1392</objectId>
            <objectVersion>1</objectVersion>
            <creationTime>2018-11-27T12:58:42</creationTime>
            <startOfLink>toutenbus:StopPoint:1391</startOfLink>
            <endOfLink>toutenbus:StopPoint:1392</endOfLink>
        </PtLink>
        <PtLink>
            <objectId>toutenbus:PtLink:1392A1393</objectId>
            <objectVersion>1</objectVersion>
            <creationTime>2018-11-27T12:58:42</creationTime>
            <startOfLink>toutenbus:StopPoint:1392</startOfLink>
            <endOfLink>toutenbus:StopPoint:1393</endOfLink>
        </PtLink>
        <PtLink>
            <objectId>toutenbus:PtLink:1393A1394</objectId>
            <objectVersion>1</objectVersion>
            <creationTime>2018-11-27T12:58:42</creationTime>
            <startOfLink>toutenbus:StopPoint:1393</startOfLink>
            <endOfLink>toutenbus:StopPoint:1394</endOfLink>
        </PtLink>
        <PtLink>
            <objectId>toutenbus:PtLink:1394A1395</objectId>
            <objectVersion>1</objectVersion>
            <creationTime>2018-11-27T12:58:42</creationTime>
            <startOfLink>toutenbus:StopPoint:1394</startOfLink>
            <endOfLink>toutenbus:StopPoint:1395</endOfLink>
        </PtLink>
        <PtLink>
            <objectId>toutenbus:PtLink:1395A1396</objectId>
            <objectVersion>1</objectVersion>
            <creationTime>2018-11-27T12:58:42</creationTime>
            <startOfLink>toutenbus:StopPoint:1395</startOfLink>
            <endOfLink>toutenbus:StopPoint:1396</endOfLink>
        </PtLink>
        <PtLink>
            <objectId>toutenbus:PtLink:1396A1397</objectId>
            <objectVersion>1</objectVersion>
            <creationTime>2018-11-27T12:58:42</creationTime>
            <startOfLink>toutenbus:StopPoint:1396</startOfLink>
            <endOfLink>toutenbus:StopPoint:1397</endOfLink>
        </PtLink>
        <PtLink>
            <objectId>toutenbus:PtLink:1397A1398</objectId>
            <objectVersion>1</objectVersion>
            <creationTime>2018-11-27T12:58:42</creationTime>
            <startOfLink>toutenbus:StopPoint:1397</startOfLink>
            <endOfLink>toutenbus:StopPoint:1398</endOfLink>
        </PtLink>
        <PtLink>
            <objectId>toutenbus:PtLink:1398A1399</objectId>
            <objectVersion>1</objectVersion>
            <creationTime>2018-11-27T12:58:42</creationTime>
            <startOfLink>toutenbus:StopPoint:1398</startOfLink>
            <endOfLink>toutenbus:StopPoint:1399</endOfLink>
        </PtLink>
        <PtLink>
            <objectId>toutenbus:PtLink:1399A1400</objectId>
            <objectVersion>1</objectVersion>
            <creationTime>2018-11-27T12:58:42</creationTime>
            <startOfLink>toutenbus:StopPoint:1399</startOfLink>
            <endOfLink>toutenbus:StopPoint:1400</endOfLink>
        </PtLink>
        <PtLink>
            <objectId>toutenbus:PtLink:1400A1401</objectId>
            <objectVersion>1</objectVersion>
            <creationTime>2018-11-27T12:58:42</creationTime>
            <startOfLink>toutenbus:StopPoint:1400</startOfLink>
            <endOfLink>toutenbus:StopPoint:1401</endOfLink>
        </PtLink>
        <PtLink>
            <objectId>toutenbus:PtLink:1401A1402</objectId>
            <objectVersion>1</objectVersion>
            <creationTime>2018-11-27T12:58:42</creationTime>
            <startOfLink>toutenbus:StopPoint:1401</startOfLink>
            <endOfLink>toutenbus:StopPoint:1402</endOfLink>
        </PtLink>
        <PtLink>
            <objectId>toutenbus:PtLink:1402A1403</objectId>
            <objectVersion>1</objectVersion>
            <creationTime>2018-11-27T12:58:42</creationTime>
            <startOfLink>toutenbus:StopPoint:1402</startOfLink>
            <endOfLink>toutenbus:StopPoint:1403</endOfLink>
        </PtLink>
        <PtLink>
            <objectId>toutenbus:PtLink:1403A1404</objectId>
            <objectVersion>1</objectVersion>
            <creationTime>2018-11-27T12:58:42</creationTime>
            <startOfLink>toutenbus:StopPoint:1403</startOfLink>
            <endOfLink>toutenbus:StopPoint:1404</endOfLink>
        </PtLink>
        <PtLink>
            <objectId>toutenbus:PtLink:1404A1405</objectId>
            <objectVersion>1</objectVersion>
            <creationTime>2018-11-27T12:58:42</creationTime>
            <startOfLink>toutenbus:StopPoint:1404</startOfLink>
            <endOfLink>toutenbus:StopPoint:1405</endOfLink>
        </PtLink>
        <PtLink>
            <objectId>toutenbus:PtLink:1405A1406</objectId>
            <objectVersion>1</objectVersion>
            <creationTime>2018-11-27T12:58:42</creationTime>
            <startOfLink>toutenbus:StopPoint:1405</startOfLink>
            <endOfLink>toutenbus:StopPoint:1406</endOfLink>
        </PtLink>
        <PtLink>
            <objectId>toutenbus:PtLink:1406A1407</objectId>
            <objectVersion>1</objectVersion>
            <creationTime>2018-11-27T12:58:42</creationTime>
            <startOfLink>toutenbus:StopPoint:1406</startOfLink>
            <endOfLink>toutenbus:StopPoint:1407</endOfLink>
        </PtLink>
        <PtLink>
            <objectId>toutenbus:PtLink:1407A1408</objectId>
            <objectVersion>1</objectVersion>
            <creationTime>2018-11-27T12:58:42</creationTime>
            <startOfLink>toutenbus:StopPoint:1407</startOfLink>
            <endOfLink>toutenbus:StopPoint:1408</endOfLink>
        </PtLink>
        <PtLink>
            <objectId>toutenbus:PtLink:1408A1409</objectId>
            <objectVersion>1</objectVersion>
            <creationTime>2018-11-27T12:58:42</creationTime>
            <startOfLink>toutenbus:StopPoint:1408</startOfLink>
            <endOfLink>toutenbus:StopPoint:1409</endOfLink>
        </PtLink>
        <PtLink>
            <objectId>toutenbus:PtLink:1409A1410</objectId>
            <objectVersion>1</objectVersion>
            <creationTime>2018-11-27T12:58:42</creationTime>
            <startOfLink>toutenbus:StopPoint:1409</startOfLink>
            <endOfLink>toutenbus:StopPoint:1410</endOfLink>
        </PtLink>
        <PtLink>
            <objectId>toutenbus:PtLink:1410A1411</objectId>
            <objectVersion>1</objectVersion>
            <creationTime>2018-11-27T12:58:42</creationTime>
            <startOfLink>toutenbus:StopPoint:1410</startOfLink>
            <endOfLink>toutenbus:StopPoint:1411</endOfLink>
        </PtLink>
        <PtLink>
            <objectId>toutenbus:PtLink:1411A1412</objectId>
            <objectVersion>1</objectVersion>
            <creationTime>2018-11-27T12:58:42</creationTime>
            <startOfLink>toutenbus:StopPoint:1411</startOfLink>
            <endOfLink>toutenbus:StopPoint:1412</endOfLink>
        </PtLink>
        <PtLink>
            <objectId>toutenbus:PtLink:1412A1413</objectId>
            <objectVersion>1</objectVersion>
            <creationTime>2018-11-27T12:58:42</creationTime>
            <startOfLink>toutenbus:StopPoint:1412</startOfLink>
            <endOfLink>toutenbus:StopPoint:1413</endOfLink>
        </PtLink>
        <PtLink>
            <objectId>toutenbus:PtLink:1413A1414</objectId>
            <objectVersion>1</objectVersion>
            <creationTime>2018-11-27T12:58:42</creationTime>
            <startOfLink>toutenbus:StopPoint:1413</startOfLink>
            <endOfLink>toutenbus:StopPoint:1414</endOfLink>
        </PtLink>
        <PtLink>
            <objectId>toutenbus:PtLink:1414A1415</objectId>
            <objectVersion>1</objectVersion>
            <creationTime>2018-11-27T12:58:42</creationTime>
            <startOfLink>toutenbus:StopPoint:1414</startOfLink>
            <endOfLink>toutenbus:StopPoint:1415</endOfLink>
        </PtLink>
        <JourneyPattern>
            <objectId>toutenbus:JourneyPattern:667</objectId>
            <objectVersion>23</objectVersion>
            <creationTime>2018-10-25T16:46:15</creationTime>
            <creatorId>chouette</creatorId>
            <name>AUBENAS</name>
            <publishedName>AUBENAS</publishedName>
            <routeId>toutenbus:Route:112</routeId>
            <origin>toutenbus:StopPoint:1389</origin>
            <destination>toutenbus:StopPoint:1415</destination>
            <stopPointList>toutenbus:StopPoint:1389</stopPointList>
            <stopPointList>toutenbus:StopPoint:1390</stopPointList>
            <stopPointList>toutenbus:StopPoint:1391</stopPointList>
            <stopPointList>toutenbus:StopPoint:1392</stopPointList>
            <stopPointList>toutenbus:StopPoint:1393</stopPointList>
            <stopPointList>toutenbus:StopPoint:1394</stopPointList>
            <stopPointList>toutenbus:StopPoint:1395</stopPointList>
            <stopPointList>toutenbus:StopPoint:1396</stopPointList>
            <stopPointList>toutenbus:StopPoint:1397</stopPointList>
            <stopPointList>toutenbus:StopPoint:1398</stopPointList>
            <stopPointList>toutenbus:StopPoint:1399</stopPointList>
            <stopPointList>toutenbus:StopPoint:1400</stopPointList>
            <stopPointList>toutenbus:StopPoint:1408</stopPointList>
            <stopPointList>toutenbus:StopPoint:1409</stopPointList>
            <stopPointList>toutenbus:StopPoint:1415</stopPointList>
            <comment></comment>
        </JourneyPattern>
        <JourneyPattern>
            <objectId>toutenbus:JourneyPattern:668</objectId>
            <objectVersion>21</objectVersion>
            <creationTime>2018-10-25T16:52:57</creationTime>
            <creatorId>chouette</creatorId>
            <name>AUBENAS</name>
            <publishedName>AUBENAS</publishedName>
            <routeId>toutenbus:Route:112</routeId>
            <origin>toutenbus:StopPoint:1391</origin>
            <destination>toutenbus:StopPoint:1415</destination>
            <stopPointList>toutenbus:StopPoint:1391</stopPointList>
            <stopPointList>toutenbus:StopPoint:1392</stopPointList>
            <stopPointList>toutenbus:StopPoint:1393</stopPointList>
            <stopPointList>toutenbus:StopPoint:1394</stopPointList>
            <stopPointList>toutenbus:StopPoint:1395</stopPointList>
            <stopPointList>toutenbus:StopPoint:1396</stopPointList>
            <stopPointList>toutenbus:StopPoint:1397</stopPointList>
            <stopPointList>toutenbus:StopPoint:1398</stopPointList>
            <stopPointList>toutenbus:StopPoint:1399</stopPointList>
            <stopPointList>toutenbus:StopPoint:1400</stopPointList>
            <stopPointList>toutenbus:StopPoint:1408</stopPointList>
            <stopPointList>toutenbus:StopPoint:1409</stopPointList>
            <stopPointList>toutenbus:StopPoint:1415</stopPointList>
            <comment></comment>
        </JourneyPattern>
        <VehicleJourney>
            <objectId>toutenbus:VehicleJourney:766</objectId>
            <objectVersion>7</objectVersion>
            <creationTime>2018-08-26T22:41:25</creationTime>
            <creatorId>chouette</creatorId>
            <routeId>toutenbus:Route:112</routeId>
            <journeyPatternId>toutenbus:JourneyPattern:667</journeyPatternId>
            <publishedJourneyName>AUBENAS Piscine/Paix</publishedJourneyName>
            <transportMode>Bus</transportMode>
            <number>3026</number>
            <vehicleJourneyAtStop>
                <stopPointId>toutenbus:StopPoint:1389</stopPointId>
                <vehicleJourneyId>toutenbus:VehicleJourney:766</vehicleJourneyId>
                <arrivalTime>16:35:00</arrivalTime>
                <departureTime>16:35:00</departureTime>
                <order>1</order>
            </vehicleJourneyAtStop>
            <vehicleJourneyAtStop>
                <stopPointId>toutenbus:StopPoint:1390</stopPointId>
                <vehicleJourneyId>toutenbus:VehicleJourney:766</vehicleJourneyId>
                <arrivalTime>16:38:00</arrivalTime>
                <departureTime>16:38:00</departureTime>
                <order>2</order>
            </vehicleJourneyAtStop>
            <vehicleJourneyAtStop>
                <stopPointId>toutenbus:StopPoint:1391</stopPointId>
                <vehicleJourneyId>toutenbus:VehicleJourney:766</vehicleJourneyId>
                <arrivalTime>16:41:00</arrivalTime>
                <departureTime>16:41:00</departureTime>
                <order>3</order>
            </vehicleJourneyAtStop>
            <vehicleJourneyAtStop>
                <stopPointId>toutenbus:StopPoint:1392</stopPointId>
                <vehicleJourneyId>toutenbus:VehicleJourney:766</vehicleJourneyId>
                <arrivalTime>16:43:00</arrivalTime>
                <departureTime>16:43:00</departureTime>
                <order>4</order>
            </vehicleJourneyAtStop>
            <vehicleJourneyAtStop>
                <stopPointId>toutenbus:StopPoint:1393</stopPointId>
                <vehicleJourneyId>toutenbus:VehicleJourney:766</vehicleJourneyId>
                <arrivalTime>16:44:00</arrivalTime>
                <departureTime>16:44:00</departureTime>
                <order>5</order>
            </vehicleJourneyAtStop>
            <vehicleJourneyAtStop>
                <stopPointId>toutenbus:StopPoint:1394</stopPointId>
                <vehicleJourneyId>toutenbus:VehicleJourney:766</vehicleJourneyId>
                <arrivalTime>16:46:00</arrivalTime>
                <departureTime>16:46:00</departureTime>
                <order>6</order>
            </vehicleJourneyAtStop>
            <vehicleJourneyAtStop>
                <stopPointId>toutenbus:StopPoint:1395</stopPointId>
                <vehicleJourneyId>toutenbus:VehicleJourney:766</vehicleJourneyId>
                <arrivalTime>16:47:00</arrivalTime>
                <departureTime>16:47:00</departureTime>
                <order>7</order>
            </vehicleJourneyAtStop>
            <vehicleJourneyAtStop>
                <stopPointId>toutenbus:StopPoint:1396</stopPointId>
                <vehicleJourneyId>toutenbus:VehicleJourney:766</vehicleJourneyId>
                <arrivalTime>16:48:00</arrivalTime>
                <departureTime>16:48:00</departureTime>
                <order>8</order>
            </vehicleJourneyAtStop>
            <vehicleJourneyAtStop>
                <stopPointId>toutenbus:StopPoint:1397</stopPointId>
                <vehicleJourneyId>toutenbus:VehicleJourney:766</vehicleJourneyId>
                <arrivalTime>16:49:00</arrivalTime>
                <departureTime>16:49:00</departureTime>
                <order>9</order>
            </vehicleJourneyAtStop>
            <vehicleJourneyAtStop>
                <stopPointId>toutenbus:StopPoint:1398</stopPointId>
                <vehicleJourneyId>toutenbus:VehicleJourney:766</vehicleJourneyId>
                <arrivalTime>16:51:00</arrivalTime>
                <departureTime>16:51:00</departureTime>
                <order>10</order>
            </vehicleJourneyAtStop>
            <vehicleJourneyAtStop>
                <stopPointId>toutenbus:StopPoint:1399</stopPointId>
                <vehicleJourneyId>toutenbus:VehicleJourney:766</vehicleJourneyId>
                <arrivalTime>16:52:00</arrivalTime>
                <departureTime>16:52:00</departureTime>
                <order>11</order>
            </vehicleJourneyAtStop>
            <vehicleJourneyAtStop>
                <stopPointId>toutenbus:StopPoint:1400</stopPointId>
                <vehicleJourneyId>toutenbus:VehicleJourney:766</vehicleJourneyId>
                <arrivalTime>16:53:00</arrivalTime>
                <departureTime>16:53:00</departureTime>
                <order>12</order>
            </vehicleJourneyAtStop>
            <vehicleJourneyAtStop>
                <stopPointId>toutenbus:StopPoint:1408</stopPointId>
                <vehicleJourneyId>toutenbus:VehicleJourney:766</vehicleJourneyId>
                <arrivalTime>16:58:00</arrivalTime>
                <departureTime>16:58:00</departureTime>
                <order>13</order>
            </vehicleJourneyAtStop>
            <vehicleJourneyAtStop>
                <stopPointId>toutenbus:StopPoint:1409</stopPointId>
                <vehicleJourneyId>toutenbus:VehicleJourney:766</vehicleJourneyId>
                <arrivalTime>16:59:00</arrivalTime>
                <departureTime>16:59:00</departureTime>
                <order>14</order>
            </vehicleJourneyAtStop>
            <vehicleJourneyAtStop>
                <stopPointId>toutenbus:StopPoint:1415</stopPointId>
                <vehicleJourneyId>toutenbus:VehicleJourney:766</vehicleJourneyId>
                <arrivalTime>17:05:00</arrivalTime>
                <departureTime>17:05:00</departureTime>
                <order>15</order>
            </vehicleJourneyAtStop>
        </VehicleJourney>
        <VehicleJourney>
            <objectId>toutenbus:VehicleJourney:767</objectId>
            <objectVersion>7</objectVersion>
            <creationTime>2018-08-26T22:41:30</creationTime>
            <creatorId>chouette</creatorId>
            <routeId>toutenbus:Route:112</routeId>
            <journeyPatternId>toutenbus:JourneyPattern:668</journeyPatternId>
            <publishedJourneyName>AUBENAS Piscine/Paix</publishedJourneyName>
            <transportMode>Bus</transportMode>
            <number>3028</number>
            <vehicleJourneyAtStop>
                <stopPointId>toutenbus:StopPoint:1391</stopPointId>
                <vehicleJourneyId>toutenbus:VehicleJourney:767</vehicleJourneyId>
                <arrivalTime>17:32:00</arrivalTime>
                <departureTime>17:32:00</departureTime>
                <order>1</order>
            </vehicleJourneyAtStop>
            <vehicleJourneyAtStop>
                <stopPointId>toutenbus:StopPoint:1392</stopPointId>
                <vehicleJourneyId>toutenbus:VehicleJourney:767</vehicleJourneyId>
                <arrivalTime>17:34:00</arrivalTime>
                <departureTime>17:34:00</departureTime>
                <order>2</order>
            </vehicleJourneyAtStop>
            <vehicleJourneyAtStop>
                <stopPointId>toutenbus:StopPoint:1393</stopPointId>
                <vehicleJourneyId>toutenbus:VehicleJourney:767</vehicleJourneyId>
                <arrivalTime>17:35:00</arrivalTime>
                <departureTime>17:35:00</departureTime>
                <order>3</order>
            </vehicleJourneyAtStop>
            <vehicleJourneyAtStop>
                <stopPointId>toutenbus:StopPoint:1394</stopPointId>
                <vehicleJourneyId>toutenbus:VehicleJourney:767</vehicleJourneyId>
                <arrivalTime>17:37:00</arrivalTime>
                <departureTime>17:37:00</departureTime>
                <order>4</order>
            </vehicleJourneyAtStop>
            <vehicleJourneyAtStop>
                <stopPointId>toutenbus:StopPoint:1395</stopPointId>
                <vehicleJourneyId>toutenbus:VehicleJourney:767</vehicleJourneyId>
                <arrivalTime>17:38:00</arrivalTime>
                <departureTime>17:38:00</departureTime>
                <order>5</order>
            </vehicleJourneyAtStop>
            <vehicleJourneyAtStop>
                <stopPointId>toutenbus:StopPoint:1396</stopPointId>
                <vehicleJourneyId>toutenbus:VehicleJourney:767</vehicleJourneyId>
                <arrivalTime>17:39:00</arrivalTime>
                <departureTime>17:39:00</departureTime>
                <order>6</order>
            </vehicleJourneyAtStop>
            <vehicleJourneyAtStop>
                <stopPointId>toutenbus:StopPoint:1397</stopPointId>
                <vehicleJourneyId>toutenbus:VehicleJourney:767</vehicleJourneyId>
                <arrivalTime>17:40:00</arrivalTime>
                <departureTime>17:40:00</departureTime>
                <order>7</order>
            </vehicleJourneyAtStop>
            <vehicleJourneyAtStop>
                <stopPointId>toutenbus:StopPoint:1398</stopPointId>
                <vehicleJourneyId>toutenbus:VehicleJourney:767</vehicleJourneyId>
                <arrivalTime>17:42:00</arrivalTime>
                <departureTime>17:42:00</departureTime>
                <order>8</order>
            </vehicleJourneyAtStop>
            <vehicleJourneyAtStop>
                <stopPointId>toutenbus:StopPoint:1399</stopPointId>
                <vehicleJourneyId>toutenbus:VehicleJourney:767</vehicleJourneyId>
                <arrivalTime>17:43:00</arrivalTime>
                <departureTime>17:43:00</departureTime>
                <order>9</order>
            </vehicleJourneyAtStop>
            <vehicleJourneyAtStop>
                <stopPointId>toutenbus:StopPoint:1400</stopPointId>
                <vehicleJourneyId>toutenbus:VehicleJourney:767</vehicleJourneyId>
                <arrivalTime>17:44:00</arrivalTime>
                <departureTime>17:44:00</departureTime>
                <order>10</order>
            </vehicleJourneyAtStop>
            <vehicleJourneyAtStop>
                <stopPointId>toutenbus:StopPoint:1408</stopPointId>
                <vehicleJourneyId>toutenbus:VehicleJourney:767</vehicleJourneyId>
                <arrivalTime>17:49:00</arrivalTime>
                <departureTime>17:49:00</departureTime>
                <order>11</order>
            </vehicleJourneyAtStop>
            <vehicleJourneyAtStop>
                <stopPointId>toutenbus:StopPoint:1409</stopPointId>
                <vehicleJourneyId>toutenbus:VehicleJourney:767</vehicleJourneyId>
                <arrivalTime>17:50:00</arrivalTime>
                <departureTime>17:50:00</departureTime>
                <order>12</order>
            </vehicleJourneyAtStop>
            <vehicleJourneyAtStop>
                <stopPointId>toutenbus:StopPoint:1415</stopPointId>
                <vehicleJourneyId>toutenbus:VehicleJourney:767</vehicleJourneyId>
                <arrivalTime>17:56:00</arrivalTime>
                <departureTime>17:56:00</departureTime>
                <order>13</order>
            </vehicleJourneyAtStop>
        </VehicleJourney>
    </ChouetteLineDescription>
</ChouettePTNetwork>
